t,x,v,a,id,lane,oldLane,pos,event,Vehicle
0,0,0,0,0,0,-1,1000,lane info,No vehicle yet
0,0,0,0,0,1,-1,700,lane info,No vehicle yet
0,0,0,0,0,2,-1,300,lane info,No vehicle yet
0,0,0,0,0,3,-1,1000,lane info,No vehicle yet
0,0,0,0,0,4,-1,1000,lane info,No vehicle yet
0,0,0,0,0,5,-1,700,lane info,No vehicle yet
0,0,0,0,0,6,-1,300,lane info,No vehicle yet
0,0,0,0,0,7,-1,1000,lane info,No vehicle yet
0,0,0,0,0,8,-1,1000,lane info,No vehicle yet
0,0,0,0,0,9,-1,700,lane info,No vehicle yet
0,0,0,0,0,10,-1,300,lane info,No vehicle yet
1.498830567783359,0,30.370708036594223,0,0,-1,-1,0,start,HGV
1.498830567783359,0,30.370708036594223,0,0,8,-1,0,enter lane,HGV
2,15.22,30.370708036594223,0.0,0,8,-1,15.22,timer,HGV
3,45.59,30.370708036594223,0.0,0,8,-1,45.59,timer,HGV
4,75.96,30.370708036594223,0.0,0,8,-1,75.96,timer,HGV
5,106.33,30.370708036594223,0.0,0,8,-1,106.33,timer,HGV
6,136.7,30.370708036594223,0.0,0,8,-1,136.7,timer,HGV
7,167.07,30.370708036594223,0.0,0,8,-1,167.07,timer,HGV
7.278840572909377,0,33.42407578753894,0,1,-1,-1,0,start,HGV
7.278840572909377,0,33.42407578753894,0,1,8,-1,0,enter lane,HGV
8,197.44,30.370708036594223,0.0,0,8,-1,197.44,timer,HGV
8,24.1,33.42407578753894,0.0,1,8,-1,24.1,timer,HGV
8,24.1,33.42407578753894,0.0,1,8,-1,24.1,change fast,HGV
8,24.1,33.42407578753894,0.0,1,0,8,24.1,enter lane 0,HGV
9,227.81,30.370708036594223,0.0,0,8,-1,227.81,timer,HGV
9,58.02,34.42407578753894,1,1,0,8,58.02,timer,HGV
10,258.18,30.370708036594223,0.0,0,8,-1,258.18,timer,HGV
10,92.94,35.42407578753894,1,1,0,8,92.94,timer,HGV
11,128.86,36.42407578753894,1,1,0,8,128.86,leave lane 8,HGV
11,128.86,36.42407578753894,0,1,0,-1,128.86,done change fast,HGV
11,288.55,30.370708036594223,0.0,0,8,-1,288.55,timer,HGV
11,128.86,36.42407578753894,0,1,0,-1,128.86,timer,HGV
12,318.92,30.370708036594223,0.0,0,8,-1,318.92,timer,HGV
12,165.28,36.42407578753894,0,1,0,-1,165.28,timer,HGV
13,349.29,30.370708036594223,0.0,0,8,-1,349.29,timer,HGV
13,201.7,36.42407578753894,0,1,0,-1,201.7,timer,HGV
13.040202239061497,0,33.663606646689416,0,2,-1,-1,0,start,HGV
13.040202239061497,0,33.663606646689416,0,2,8,-1,0,enter lane,HGV
14,379.66,30.370708036594223,0.0,0,8,-1,379.66,timer,HGV
14,238.12,36.42407578753894,0,1,0,-1,238.12,timer,HGV
14,32.31,33.663606646689416,0.0,2,8,-1,32.31,timer,HGV
15,410.03,30.370708036594223,0.0,0,8,-1,410.03,timer,HGV
15,274.54,36.42407578753894,0,1,0,-1,274.54,timer,HGV
15,65.97,33.663606646689416,0.0,2,8,-1,65.97,timer,HGV
16,440.4,30.370708036594223,0.0,0,8,-1,440.4,timer,HGV
16,310.96,36.42407578753894,0,1,0,-1,310.96,timer,HGV
16,99.63,33.663606646689416,0.0,2,8,-1,99.63,timer,HGV
17,470.77,30.370708036594223,0.0,0,8,-1,470.77,timer,HGV
17,347.38,36.42407578753894,0,1,0,-1,347.38,timer,HGV
17,133.29,33.663606646689416,0.0,2,8,-1,133.29,timer,HGV
18,501.14,30.370708036594223,0.0,0,8,-1,501.14,timer,HGV
18,383.8,36.42407578753894,0,1,0,-1,383.8,timer,HGV
18,166.95,33.663606646689416,0.0,2,8,-1,166.95,timer,HGV
19,531.51,30.370708036594223,0.0,0,8,-1,531.51,timer,HGV
19,420.22,36.42407578753894,0,1,0,-1,420.22,timer,HGV
19,200.61,33.663606646689416,0.0,2,8,-1,200.61,timer,HGV
20,561.88,30.370708036594223,0.0,0,8,-1,561.88,timer,HGV
20,456.64,36.42407578753894,0,1,0,-1,456.64,timer,HGV
20,234.27,33.663606646689416,0.0,2,8,-1,234.27,timer,HGV
21,592.25,30.370708036594223,0.0,0,8,-1,592.25,timer,HGV
21,493.06,36.42407578753894,0,1,0,-1,493.06,timer,HGV
21,267.93,33.663606646689416,0.0,2,8,-1,267.93,timer,HGV
22,622.62,30.370708036594223,0.0,0,8,-1,622.62,timer,HGV
22,529.48,36.42407578753894,0,1,0,-1,529.48,timer,HGV
22,301.59,33.663606646689416,0.0,2,8,-1,301.59,timer,HGV
22.50372303046813,0,33.15744642359388,0,3,-1,-1,0,start,HGV
22.50372303046813,0,33.15744642359388,0,3,8,-1,0,enter lane,HGV
23,652.99,30.370708036594223,0.0,0,8,-1,652.99,timer,HGV
23,565.9,36.42407578753894,0,1,0,-1,565.9,timer,HGV
23,335.26,33.663606646689416,0.0,2,8,-1,335.26,timer,HGV
23,16.46,33.15744642359388,0.0,3,8,-1,16.46,timer,HGV
23.53100361867938,0,35.52252055896548,0,4,-1,-1,0,start,HGV
23.53100361867938,0,35.52252055896548,0,4,8,-1,0,enter lane,HGV
24,683.36,30.370708036594223,0.0,0,8,-1,683.36,timer,HGV
24,602.32,36.42407578753894,0,1,0,-1,602.32,timer,HGV
24,368.92,33.663606646689416,0.0,2,8,-1,368.92,timer,HGV
24,49.61,33.15744642359388,0.0,3,8,-1,49.61,timer,HGV
24,16.66,35.52252055896548,0.0,4,8,-1,16.66,timer,HGV
24,16.66,35.52252055896548,0.0,4,8,-1,16.66,change fast,HGV
24,16.66,35.52252055896548,0.0,4,0,8,16.66,enter lane 0,HGV
24.8414560866857,0,31.982015697480023,0,5,-1,-1,0,start,HGV
24.8414560866857,0,31.982015697480023,0,5,8,-1,0,enter lane,HGV
25,713.74,30.370708036594223,0.0,0,8,-1,713.74,timer,HGV
25,638.74,36.42407578753894,0,1,0,-1,638.74,timer,HGV
25,402.59,33.663606646689416,0.0,2,8,-1,402.59,timer,HGV
25,82.77,33.15744642359388,0.0,3,8,-1,82.77,timer,HGV
25,52.68,36.52252055896548,1.0,4,0,8,52.68,timer,HGV
25,5.07,31.982015697480023,0.0,5,8,-1,5.07,timer,HGV
25.6373722187031,0,34.349384009754154,0,6,-1,-1,0,start,HGV
25.6373722187031,0,34.349384009754154,0,6,8,-1,0,enter lane,HGV
25.6373722187031,0,34.349384009754154,0,6,8,-1,0,brake,HGV
26,744.11,30.370708036594223,0.0,0,8,-1,744.11,timer,HGV
26,675.16,36.42407578753894,0,1,0,-1,675.16,timer,HGV
26,436.26,33.663606646689416,0.0,2,8,-1,436.26,timer,HGV
26,115.92,33.15744642359388,0.0,3,8,-1,115.92,timer,HGV
26,89.7,37.52252055896548,1.0,4,0,8,89.7,timer,HGV
26,37.05,31.982015697480023,0.0,5,8,-1,37.05,timer,HGV
26,12.36,33.6928145565119,-2.5,6,8,-1,12.36,timer,HGV
26.78431954361275,38.03,31.982015697480023,0,6,8,-1,38.03,brake end,HGV
26.91288477453901,0,31.266962027414824,0,7,-1,-1,0,start,HGV
26.91288477453901,0,31.266962027414824,0,7,8,-1,0,enter lane,HGV
27,127.72,38.52252055896548,1.0,4,0,8,127.72,leave lane 8,HGV
27,127.72,38.52252055896548,0,4,0,-1,127.72,done change fast,HGV
27,774.48,30.370708036594223,0.0,0,8,-1,774.48,timer,HGV
27,711.58,36.42407578753894,0,1,0,-1,711.58,timer,HGV
27,469.92,33.663606646689416,0.0,2,8,-1,469.92,timer,HGV
27,149.08,33.15744642359388,0.0,3,8,-1,149.08,timer,HGV
27,127.72,38.52252055896548,0,4,0,-1,127.72,timer,HGV
27,69.03,31.982015697480023,0.0,5,8,-1,69.03,timer,HGV
27,44.93,31.982015697480023,0.0,6,8,-1,44.93,timer,HGV
27,2.72,31.266962027414824,0.0,7,8,-1,2.72,timer,HGV
28,804.85,30.370708036594223,0.0,0,8,-1,804.85,timer,HGV
28,748.0,36.42407578753894,0,1,0,-1,748.0,timer,HGV
28,503.58,33.663606646689416,0.0,2,8,-1,503.58,timer,HGV
28,182.24,33.15744642359388,0.0,3,8,-1,182.24,timer,HGV
28,166.24,38.52252055896548,0,4,0,-1,166.24,timer,HGV
28,101.01,31.982015697480023,0.0,5,8,-1,101.01,timer,HGV
28,76.91,31.982015697480023,0.0,6,8,-1,76.91,timer,HGV
28,33.99,31.266962027414824,0.0,7,8,-1,33.99,timer,HGV
29,835.22,30.370708036594223,0.0,0,8,-1,835.22,timer,HGV
29,784.42,36.42407578753894,0,1,0,-1,784.42,timer,HGV
29,537.24,33.663606646689416,0.0,2,8,-1,537.24,timer,HGV
29,215.4,33.15744642359388,0.0,3,8,-1,215.4,timer,HGV
29,204.76,38.52252055896548,0,4,0,-1,204.76,timer,HGV
29,132.99,31.982015697480023,0.0,5,8,-1,132.99,timer,HGV
29,108.89,31.982015697480023,0.0,6,8,-1,108.89,timer,HGV
29,65.26,31.266962027414824,0.0,7,8,-1,65.26,timer,HGV
30,865.59,30.370708036594223,0.0,0,8,-1,865.59,timer,HGV
30,820.84,36.42407578753894,0,1,0,-1,820.84,timer,HGV
30,570.9,33.663606646689416,0.0,2,8,-1,570.9,timer,HGV
30,248.56,33.15744642359388,0.0,3,8,-1,248.56,timer,HGV
30,243.28,38.52252055896548,0,4,0,-1,243.28,timer,HGV
30,164.97,31.982015697480023,0.0,5,8,-1,164.97,timer,HGV
30,140.87,31.982015697480023,0.0,6,8,-1,140.87,timer,HGV
30,96.53,31.266962027414824,0.0,7,8,-1,96.53,timer,HGV
31,895.96,30.370708036594223,0.0,0,8,-1,895.96,timer,HGV
31,857.26,36.42407578753894,0,1,0,-1,857.26,timer,HGV
31,604.56,33.663606646689416,0.0,2,8,-1,604.56,timer,HGV
31,281.72,33.15744642359388,0.0,3,8,-1,281.72,timer,HGV
31,281.8,38.52252055896548,0,4,0,-1,281.8,timer,HGV
31,196.95,31.982015697480023,0.0,5,8,-1,196.95,timer,HGV
31,172.85,31.982015697480023,0.0,6,8,-1,172.85,timer,HGV
31,127.8,31.266962027414824,0.0,7,8,-1,127.8,timer,HGV
32,926.33,30.370708036594223,0.0,0,8,-1,926.33,timer,HGV
32,893.68,36.42407578753894,0,1,0,-1,893.68,timer,HGV
32,638.22,33.663606646689416,0.0,2,8,-1,638.22,timer,HGV
32,314.88,33.15744642359388,0.0,3,8,-1,314.88,timer,HGV
32,320.32,38.52252055896548,0,4,0,-1,320.32,timer,HGV
32,228.93,31.982015697480023,0.0,5,8,-1,228.93,timer,HGV
32,204.83,31.982015697480023,0.0,6,8,-1,204.83,timer,HGV
32,159.07,31.266962027414824,0.0,7,8,-1,159.07,timer,HGV
33,956.7,30.370708036594223,0.0,0,8,-1,956.7,timer,HGV
33,930.1,36.42407578753894,0,1,0,-1,930.1,timer,HGV
33,671.89,33.663606646689416,0.0,2,8,-1,671.89,timer,HGV
33,348.04,33.15744642359388,0.0,3,8,-1,348.04,timer,HGV
33,358.84,38.52252055896548,0,4,0,-1,358.84,timer,HGV
33,260.91,31.982015697480023,0.0,5,8,-1,260.91,timer,HGV
33,236.81,31.982015697480023,0.0,6,8,-1,236.81,timer,HGV
33,190.34,31.266962027414824,0.0,7,8,-1,190.34,timer,HGV
33.53462329584098,0,33.3765704010174,0,8,-1,-1,0,start,HGV
33.53462329584098,0,33.3765704010174,0,8,8,-1,0,enter lane,HGV
34,987.07,30.370708036594223,0.0,0,8,-1,987.07,timer,HGV
34,966.52,36.42407578753894,0,1,0,-1,966.52,timer,HGV
34,705.55,33.663606646689416,0.0,2,8,-1,705.55,timer,HGV
34,381.19,33.15744642359388,0.0,3,8,-1,381.19,timer,HGV
34,397.36,38.52252055896548,0,4,0,-1,397.36,timer,HGV
34,292.89,31.982015697480023,0.0,5,8,-1,292.89,timer,HGV
34,268.79,31.982015697480023,0.0,6,8,-1,268.79,timer,HGV
34,221.61,31.266962027414824,0.0,7,8,-1,221.61,timer,HGV
34,15.53,33.3765704010174,0.0,8,8,-1,15.53,timer,HGV
34.23215805115062,0,36.47454895707132,0,9,-1,-1,0,start,HGV
34.23215805115062,0,36.47454895707132,0,9,8,-1,0,enter lane,HGV
34.23215805115062,0,36.47454895707132,0,9,8,-1,0,brake,HGV
34.841456086685696,1012.62,30.370708036594223,0.0,0,8,-1,1012.62,leave lane,HGV
34.841456086685696,1012.62,30.370708036594223,0.0,0,9,-1,12.620000000000005,enter lane,HGV
35,1017.44,30.370708036594223,0.0,0,9,-1,17.44,timer,HGV
35,1002.94,36.42407578753894,0,1,0,-1,1002.94,leave lane,HGV
35,1002.94,36.42407578753894,0,1,1,-1,2.9400000000000546,enter lane,HGV
35,1002.94,36.42407578753894,0,1,1,-1,2.9400000000000546,timer,HGV
35,739.22,33.663606646689416,0.0,2,8,-1,739.22,timer,HGV
35,414.35,33.15744642359388,0.0,3,8,-1,414.35,timer,HGV
35,435.88,38.52252055896548,0,4,0,-1,435.88,timer,HGV
35,324.87,31.982015697480023,0.0,5,8,-1,324.87,timer,HGV
35,300.77,31.982015697480023,0.0,6,8,-1,300.77,timer,HGV
35,252.88,31.266962027414824,0.0,7,8,-1,252.88,timer,HGV
35,48.91,33.3765704010174,0.0,8,8,-1,48.91,timer,HGV
35,27.45,34.80494408494787,-2.5,9,8,-1,27.45,timer,HGV
35.67134947357219,50.27,33.376570401017396,0,9,8,-1,50.27,brake end,HGV
36,1047.81,30.370708036594223,0.0,0,9,-1,47.81,timer,HGV
36,1039.36,36.42407578753894,0,1,1,-1,39.36,timer,HGV
36,772.88,33.663606646689416,0.0,2,8,-1,772.88,timer,HGV
36,447.51,33.15744642359388,0.0,3,8,-1,447.51,timer,HGV
36,474.4,38.52252055896548,0,4,0,-1,474.4,timer,HGV
36,356.85,31.982015697480023,0.0,5,8,-1,356.85,timer,HGV
36,332.75,31.982015697480023,0.0,6,8,-1,332.75,timer,HGV
36,284.15,31.266962027414824,0.0,7,8,-1,284.15,timer,HGV
36,82.29,33.3765704010174,0.0,8,8,-1,82.29,timer,HGV
36,61.24,33.376570401017396,0.0,9,8,-1,61.24,timer,HGV
36,474.4,38.52252055896548,0,4,0,-1,474.4,change slow,HGV
36,474.4,38.52252055896548,0,4,8,0,474.4,enter lane 8,HGV
37,1078.18,30.370708036594223,0.0,0,9,-1,78.18,timer,HGV
37,1075.78,36.42407578753894,0,1,1,-1,75.78,timer,HGV
37,806.54,33.663606646689416,0.0,2,8,-1,806.54,timer,HGV
37,480.67,33.15744642359388,0.0,3,8,-1,480.67,timer,HGV
37,513.42,39.52252055896548,1.0,4,8,0,513.42,timer,HGV
37,388.83,31.982015697480023,0.0,5,8,-1,388.83,timer,HGV
37,364.73,31.982015697480023,0.0,6,8,-1,364.73,timer,HGV
37,315.41,31.266962027414824,0.0,7,8,-1,315.41,timer,HGV
37,115.67,33.3765704010174,0.0,8,8,-1,115.67,timer,HGV
37,94.62,33.376570401017396,0.0,9,8,-1,94.62,timer,HGV
38,1108.55,30.370708036594223,0.0,0,9,-1,108.55,timer,HGV
38,1112.2,36.42407578753894,0,1,1,-1,112.2,timer,HGV
38,840.2,33.663606646689416,0.0,2,8,-1,840.2,timer,HGV
38,513.83,33.15744642359388,0.0,3,8,-1,513.83,timer,HGV
38,553.44,40.52252055896548,1.0,4,8,0,553.44,timer,HGV
38,420.81,31.982015697480023,0.0,5,8,-1,420.81,timer,HGV
38,396.71,31.982015697480023,0.0,6,8,-1,396.71,timer,HGV
38,346.68,31.266962027414824,0.0,7,8,-1,346.68,timer,HGV
38,149.05,33.3765704010174,0.0,8,8,-1,149.05,timer,HGV
38,128.0,33.376570401017396,0.0,9,8,-1,128.0,timer,HGV
38.021277293715556,0,37.98315065251545,0,10,-1,-1,0,start,Electric car
38.021277293715556,0,37.98315065251545,0,10,0,-1,0,enter lane,Electric car
39,594.46,41.52252055896548,1.0,4,8,0,594.46,leave lane 0,HGV
39,594.46,41.52252055896548,0,4,8,-1,594.46,done change slow,HGV
39,1138.92,30.370708036594223,0.0,0,9,-1,138.92,timer,HGV
39,1148.62,36.42407578753894,0,1,1,-1,148.62,timer,HGV
39,873.86,33.663606646689416,0.0,2,8,-1,873.86,timer,HGV
39,546.99,33.15744642359388,0.0,3,8,-1,546.99,timer,HGV
39,594.46,41.52252055896548,0,4,8,-1,594.46,timer,HGV
39,452.79,31.982015697480023,0.0,5,8,-1,452.79,timer,HGV
39,428.69,31.982015697480023,0.0,6,8,-1,428.69,timer,HGV
39,377.95,31.266962027414824,0.0,7,8,-1,377.95,timer,HGV
39,182.43,33.3765704010174,0.0,8,8,-1,182.43,timer,HGV
39,161.38,33.376570401017396,0.0,9,8,-1,161.38,timer,HGV
39,37.17,37.97657169237485,-0.013443971613937353,10,0,-1,37.17,timer,Electric car
39.22468153265472,0,35.44139218816749,0,11,-1,-1,0,start,Electric car
39.22468153265472,0,35.44139218816749,0,11,0,-1,0,enter lane,Electric car
40,1169.29,30.370708036594223,0.0,0,9,-1,169.29,timer,HGV
40,1185.04,36.42407578753894,0,1,1,-1,185.04,timer,HGV
40,907.52,33.663606646689416,0.0,2,8,-1,907.52,timer,HGV
40,580.15,33.15744642359388,0.0,3,8,-1,580.15,timer,HGV
40,635.98,41.52252055896548,0,4,8,-1,635.98,timer,HGV
40,484.77,31.982015697480023,0.0,5,8,-1,484.77,timer,HGV
40,460.67,31.982015697480023,0.0,6,8,-1,460.67,timer,HGV
40,409.22,31.266962027414824,0.0,7,8,-1,409.22,timer,HGV
40,215.81,33.3765704010174,0.0,8,8,-1,215.81,timer,HGV
40,194.76,33.376570401017396,0.0,9,8,-1,194.76,timer,HGV
40,75.14,37.95625959992974,-0.027180213276272062,10,0,-1,75.14,timer,Electric car
40,27.48,35.44126930877948,-0.000316977843768202,11,0,-1,27.48,timer,Electric car
40.970035135455134,0,35.1985435508022,0,12,-1,-1,0,start,Electric car
40.970035135455134,0,35.1985435508022,0,12,0,-1,0,enter lane,Electric car
41,1199.66,30.370708036594223,0.0,0,9,-1,199.66,timer,HGV
41,1221.46,36.42407578753894,0,1,1,-1,221.46,timer,HGV
41,941.18,33.663606646689416,0.0,2,8,-1,941.18,timer,HGV
41,613.31,33.15744642359388,0.0,3,8,-1,613.31,timer,HGV
41,677.5,41.52252055896548,0,4,8,-1,677.5,timer,HGV
41,516.75,31.982015697480023,0.0,5,8,-1,516.75,timer,HGV
41,492.65,31.982015697480023,0.0,6,8,-1,492.65,timer,HGV
41,440.49,31.266962027414824,0.0,7,8,-1,440.49,timer,HGV
41,249.19,33.3765704010174,0.0,8,8,-1,249.19,timer,HGV
41,228.14,33.376570401017396,0.0,9,8,-1,228.14,timer,HGV
41,113.08,37.9222112658223,-0.040916454938606774,10,0,-1,113.08,timer,Electric car
41,62.92,35.44074791310155,-0.0007258135121014309,11,0,-1,62.92,timer,Electric car
41,1.05,35.19854312510612,-2.8413015220108855e-05,12,0,-1,1.05,timer,Electric car
41,1.05,35.19854312510612,-2.8413015220108855e-05,12,0,-1,1.05,change slow,Electric car
41,1.05,35.19854312510612,-2.8413015220108855e-05,12,8,0,1.05,enter lane 8,Electric car
42,1230.03,30.370708036594223,0.0,0,9,-1,230.03,timer,HGV
42,1257.88,36.42407578753894,0,1,1,-1,257.88,timer,HGV
42,974.84,33.663606646689416,0.0,2,8,-1,974.84,timer,HGV
42,646.47,33.15744642359388,0.0,3,8,-1,646.47,timer,HGV
42,719.02,41.52252055896548,0,4,8,-1,719.02,timer,HGV
42,548.73,31.982015697480023,0.0,5,8,-1,548.73,timer,HGV
42,524.63,31.982015697480023,0.0,6,8,-1,524.63,timer,HGV
42,471.76,31.266962027414824,0.0,7,8,-1,471.76,timer,HGV
42,282.57,33.3765704010174,0.0,8,8,-1,282.57,timer,HGV
42,261.52,33.376570401017396,0.0,9,8,-1,261.52,timer,HGV
42,150.98,37.87442669005253,-0.054652696600941485,10,0,-1,150.98,timer,Electric car
42,98.36,35.43981768175528,-0.0011346491804346598,11,0,-1,98.36,timer,Electric car
42,36.75,36.19854312510612,1,12,8,0,36.75,timer,Electric car
43,1260.4,30.370708036594223,0.0,0,9,-1,260.4,timer,HGV
43,1294.3,36.42407578753894,0,1,1,-1,294.3,timer,HGV
43,1008.51,33.663606646689416,0.0,2,8,-1,1008.51,leave lane,HGV
43,1008.51,33.663606646689416,0.0,2,9,-1,8.509999999999991,enter lane,HGV
43,1008.51,33.663606646689416,0.0,2,9,-1,8.509999999999991,timer,HGV
43,679.63,33.15744642359388,0.0,3,8,-1,679.63,timer,HGV
43,760.55,41.52252055896548,0.0,4,8,-1,760.55,timer,HGV
43,580.71,31.982015697480023,0.0,5,8,-1,580.71,timer,HGV
43,556.61,31.982015697480023,0.0,6,8,-1,556.61,timer,HGV
43,503.03,31.266962027414824,0.0,7,8,-1,503.03,timer,HGV
43,315.94,33.3765704010174,0.0,8,8,-1,315.94,timer,HGV
43,294.89,33.376570401017396,0.0,9,8,-1,294.89,timer,HGV
43,188.82,37.812905872620426,-0.06838893826327619,10,0,-1,188.82,timer,Electric car
43,133.8,35.438478614740674,-0.0015434848487678888,11,0,-1,133.8,timer,Electric car
43,73.45,37.19854312510612,1.0,12,8,0,73.45,timer,Electric car
43.79451150854569,0,33.72612156892663,0,13,-1,-1,0,start,Electric car
43.79451150854569,0,33.72612156892663,0,13,0,-1,0,enter lane,Electric car
44,111.15,38.19854312510612,1.0,12,8,0,111.15,leave lane 0,Electric car
44,111.15,38.19854312510612,0,12,8,-1,111.15,done change slow,Electric car
44,1290.77,30.370708036594223,0.0,0,9,-1,290.77,timer,HGV
44,1330.72,36.42407578753894,0,1,1,-1,330.72,timer,HGV
44,1042.17,33.663606646689416,0.0,2,9,-1,42.17,timer,HGV
44,712.79,33.15744642359388,0.0,3,8,-1,712.79,timer,HGV
44,802.07,41.52252055896548,0.0,4,8,-1,802.07,timer,HGV
44,612.69,31.982015697480023,0.0,5,8,-1,612.69,timer,HGV
44,588.59,31.982015697480023,0.0,6,8,-1,588.59,timer,HGV
44,534.3,31.266962027414824,0.0,7,8,-1,534.3,timer,HGV
44,349.31,33.3765704010174,0.0,8,8,-1,349.31,timer,HGV
44,328.26,33.376570401017396,0.0,9,8,-1,328.26,timer,HGV
44,226.6,37.741954615587346,-0.07124900985844387,10,0,-1,226.6,timer,Electric car
44,169.24,35.436730712057745,-0.0019523205171011178,11,0,-1,169.24,timer,Electric car
44,111.15,38.19854312510612,0,12,8,-1,111.15,timer,Electric car
44,6.93,33.72616584336226,0.0004309188832624123,13,0,-1,6.93,timer,Electric car
45,1321.14,30.370708036594223,0.0,0,9,-1,321.14,timer,HGV
45,1367.14,36.42407578753894,0,1,1,-1,367.14,timer,HGV
45,1075.83,33.663606646689416,0.0,2,9,-1,75.83,timer,HGV
45,745.95,33.15744642359388,0.0,3,8,-1,745.95,timer,HGV
45,843.59,41.52252055896548,0.0,4,8,-1,843.59,timer,HGV
45,644.67,31.982015697480023,0.0,5,8,-1,644.67,timer,HGV
45,620.57,31.982015697480023,0.0,6,8,-1,620.57,timer,HGV
45,565.57,31.266962027414824,0.0,7,8,-1,565.57,timer,HGV
45,382.68,33.3765704010174,0.0,8,8,-1,382.68,timer,HGV
45,361.63,33.376570401017396,0.0,9,8,-1,361.63,timer,HGV
45,264.31,37.670705605728905,-0.07124900985844387,10,0,-1,264.31,timer,Electric car
45,204.68,35.43457397370648,-0.002361156185434347,11,0,-1,204.68,timer,Electric car
45,149.35,38.19557420475124,-0.005937840709760402,12,8,-1,149.35,timer,Electric car
45,40.66,33.72764528540176,0.002527965195747627,13,0,-1,40.66,timer,Electric car
46,1351.51,30.370708036594223,0.0,0,9,-1,351.51,timer,HGV
46,1403.56,36.42407578753894,0,1,1,-1,403.56,timer,HGV
46,1109.49,33.663606646689416,0.0,2,9,-1,109.49,timer,HGV
46,779.11,33.15744642359388,0.0,3,8,-1,779.11,timer,HGV
46,885.12,41.52252055896548,0.0,4,8,-1,885.12,timer,HGV
46,676.65,31.982015697480023,0.0,5,8,-1,676.65,timer,HGV
46,652.55,31.982015697480023,0.0,6,8,-1,652.55,timer,HGV
46,596.84,31.266962027414824,0.0,7,8,-1,596.84,timer,HGV
46,416.06,33.3765704010174,0.0,8,8,-1,416.06,timer,HGV
46,395.01,33.376570401017396,0.0,9,8,-1,395.01,timer,HGV
46,301.95,37.599456595870464,-0.07124900985844387,10,0,-1,301.95,timer,Electric car
46,240.11,35.43200839968687,-0.0027699918537675756,11,0,-1,240.11,timer,Electric car
46,187.54,38.186667443686595,-0.011875681419520803,12,8,-1,187.54,timer,Electric car
46,74.39,33.73122177375375,0.004625011508232841,13,0,-1,74.39,timer,Electric car
46,416.06,33.3765704010174,0.0,8,8,-1,416.06,change fast,HGV
46,416.06,33.3765704010174,0.0,8,0,8,416.06,enter lane 0,HGV
47,1381.88,30.370708036594223,0.0,0,9,-1,381.88,timer,HGV
47,1439.98,36.42407578753894,0,1,1,-1,439.98,timer,HGV
47,1143.15,33.663606646689416,0.0,2,9,-1,143.15,timer,HGV
47,812.27,33.15744642359388,0.0,3,8,-1,812.27,timer,HGV
47,926.65,41.52252055896548,0.0,4,8,-1,926.65,timer,HGV
47,708.63,31.982015697480023,0.0,5,8,-1,708.63,timer,HGV
47,684.53,31.982015697480023,0.0,6,8,-1,684.53,timer,HGV
47,628.1,31.266962027414824,0.0,7,8,-1,628.1,timer,HGV
47,449.94,34.3765704010174,1.0,8,0,8,449.94,timer,HGV
47,428.39,33.376570401017396,0.0,9,8,-1,428.39,timer,HGV
47,339.51,37.52820758601202,-0.07124900985844387,10,0,-1,339.51,timer,Electric car
47,275.54,35.429033989998935,-0.0031788275221008044,11,0,-1,275.54,timer,Electric car
47,225.73,38.171822841912196,-0.017813522129281206,12,8,-1,225.73,timer,Electric car
47,108.12,33.73689530841823,0.006722057820718056,13,0,-1,108.12,timer,Electric car
47,339.51,37.52820758601202,-0.07124900985844387,10,0,-1,339.51,change fast,Electric car
47,339.51,37.52820758601202,-0.07124900985844387,10,4,0,339.51,enter lane 4,Electric car
48,1412.25,30.370708036594223,0.0,0,9,-1,412.25,timer,HGV
48,1476.4,36.42407578753894,0,1,1,-1,476.4,timer,HGV
48,1176.81,33.663606646689416,0.0,2,9,-1,176.81,timer,HGV
48,845.43,33.15744642359388,0.0,3,8,-1,845.43,timer,HGV
48,968.17,41.52252055896548,0.0,4,8,-1,968.17,timer,HGV
48,740.61,31.982015697480023,0.0,5,8,-1,740.61,timer,HGV
48,716.51,31.982015697480023,0.0,6,8,-1,716.51,timer,HGV
48,659.37,31.266962027414824,0.0,7,8,-1,659.37,timer,HGV
48,484.82,35.3765704010174,1.0,8,0,8,484.82,timer,HGV
48,461.77,33.376570401017396,0.0,9,8,-1,461.77,timer,HGV
48,377.54,38.52820758601202,1,10,4,0,377.54,timer,Electric car
48,310.97,35.42565074464267,-0.003587663190434033,11,0,-1,310.97,timer,Electric car
48,263.89,38.151040399428034,-0.02375136283904161,12,8,-1,263.89,timer,Electric car
48,141.86,33.744665889395186,0.00881910413320327,13,0,-1,141.86,timer,Electric car
49,520.7,36.3765704010174,1.0,8,0,8,520.7,leave lane 8,HGV
49,520.7,36.3765704010174,0,8,0,-1,520.7,done change fast,HGV
49,1442.62,30.370708036594223,0.0,0,9,-1,442.62,timer,HGV
49,1512.82,36.42407578753894,0,1,1,-1,512.82,timer,HGV
49,1210.47,33.663606646689416,0.0,2,9,-1,210.47,timer,HGV
49,878.59,33.15744642359388,0.0,3,8,-1,878.59,timer,HGV
49,1009.69,41.52252055896548,0.0,4,8,-1,1009.69,leave lane,HGV
49,1009.69,41.52252055896548,0.0,4,9,-1,9.690000000000055,enter lane,HGV
49,1009.69,41.52252055896548,0.0,4,9,-1,9.690000000000055,timer,HGV
49,772.59,31.982015697480023,0.0,5,8,-1,772.59,timer,HGV
49,748.49,31.982015697480023,0.0,6,8,-1,748.49,timer,HGV
49,690.64,31.266962027414824,0.0,7,8,-1,690.64,timer,HGV
49,520.7,36.3765704010174,0,8,0,-1,520.7,timer,HGV
49,495.15,33.376570401017396,0.0,9,8,-1,495.15,timer,HGV
49,416.57,39.52820758601202,1,10,4,0,416.57,timer,Electric car
49,346.39,35.42185866361806,-0.003996498858767262,11,0,-1,346.39,timer,Electric car
49,302.03,38.12432011623411,-0.02968920354880201,12,8,-1,302.03,timer,Electric car
49,175.61,33.75453351668463,0.010916150445688486,13,0,-1,175.61,timer,Electric car
50,456.6,40.52820758601202,1,10,4,0,456.6,leave lane 0,Electric car
50,456.6,40.52820758601202,0,10,4,-1,456.6,done change fast,Electric car
50,1472.99,30.370708036594223,0.0,0,9,-1,472.99,timer,HGV
50,1549.24,36.42407578753894,0,1,1,-1,549.24,timer,HGV
50,1244.13,33.663606646689416,0.0,2,9,-1,244.13,timer,HGV
50,911.75,33.15744642359388,0.0,3,8,-1,911.75,timer,HGV
50,1051.21,41.52252055896548,0,4,9,-1,51.21,timer,HGV
50,804.57,31.982015697480023,0.0,5,8,-1,804.57,timer,HGV
50,780.47,31.982015697480023,0.0,6,8,-1,780.47,timer,HGV
50,721.91,31.266962027414824,0.0,7,8,-1,721.91,timer,HGV
50,557.08,36.3765704010174,0,8,0,-1,557.08,timer,HGV
50,528.53,33.376570401017396,0.0,9,8,-1,528.53,timer,HGV
50,456.6,40.52820758601202,0,10,4,-1,456.6,timer,Electric car
50,381.81,35.41765774692512,-0.004405334527100491,11,0,-1,381.81,timer,Electric car
50,340.14,38.09166199233043,-0.03562704425856241,12,8,-1,340.14,timer,Electric car
50,209.37,33.76649819028656,0.0130131967581737,13,0,-1,209.37,timer,Electric car
51,1503.36,30.370708036594223,0.0,0,9,-1,503.36,timer,HGV
51,1585.66,36.42407578753894,0,1,1,-1,585.66,timer,HGV
51,1277.79,33.663606646689416,0.0,2,9,-1,277.79,timer,HGV
51,944.91,33.15744642359388,0.0,3,8,-1,944.91,timer,HGV
51,1092.73,41.52252055896548,0,4,9,-1,92.73,timer,HGV
51,836.55,31.982015697480023,0.0,5,8,-1,836.55,timer,HGV
51,812.45,31.982015697480023,0.0,6,8,-1,812.45,timer,HGV
51,753.18,31.266962027414824,0.0,7,8,-1,753.18,timer,HGV
51,593.46,36.3765704010174,0,8,0,-1,593.46,timer,HGV
51,561.91,33.376570401017396,0.0,9,8,-1,561.91,timer,HGV
51,497.13,40.5235498851445,-0.009315401735048388,10,4,-1,497.13,timer,Electric car
51,417.23,35.413047994563854,-0.00481417019543372,11,0,-1,417.23,timer,Electric car
51,378.21,38.05306602771699,-0.041564884968322814,12,8,-1,378.21,timer,Electric car
51,243.14,33.78055991020098,0.015110243070658915,13,0,-1,243.14,timer,Electric car
52,1533.73,30.370708036594223,0.0,0,9,-1,533.73,timer,HGV
52,1622.08,36.42407578753894,0,1,1,-1,622.08,timer,HGV
52,1311.45,33.663606646689416,0.0,2,9,-1,311.45,timer,HGV
52,978.07,33.15744642359388,0.0,3,8,-1,978.07,timer,HGV
52,1134.25,41.52252055896548,0.0,4,9,-1,134.25,timer,HGV
52,868.53,31.982015697480023,0.0,5,8,-1,868.53,timer,HGV
52,844.43,31.982015697480023,0.0,6,8,-1,844.43,timer,HGV
52,784.45,31.266962027414824,0.0,7,8,-1,784.45,timer,HGV
52,629.84,36.3765704010174,0,8,0,-1,629.84,timer,HGV
52,595.29,33.376570401017396,0.0,9,8,-1,595.29,timer,HGV
52,537.65,40.50957678254192,-0.018630803470096775,10,4,-1,537.65,timer,Electric car
52,452.64,35.40802965797609,-0.0052086672171276155,11,0,-1,452.64,timer,Electric car
52,416.24,38.00853222239378,-0.04750272567808322,12,8,-1,416.24,timer,Electric car
52,276.93,33.79671867642788,0.017207289383144128,13,0,-1,276.93,timer,Electric car
52.88471592299552,0,33.302936589158406,0,14,-1,-1,0,start,Electric car
52.88471592299552,0,33.302936589158406,0,14,0,-1,0,enter lane,Electric car
53,1564.1,30.370708036594223,0.0,0,9,-1,564.1,timer,HGV
53,1658.5,36.42407578753894,0,1,1,-1,658.5,timer,HGV
53,1345.12,33.663606646689416,0.0,2,9,-1,345.12,timer,HGV
53,1011.23,33.15744642359388,0.0,3,8,-1,1011.23,leave lane,HGV
53,1011.23,33.15744642359388,0.0,3,9,-1,11.230000000000018,enter lane,HGV
53,1011.23,33.15744642359388,0.0,3,9,-1,11.230000000000018,timer,HGV
53,1175.78,41.52252055896548,0.0,4,9,-1,175.78,timer,HGV
53,900.51,31.982015697480023,0.0,5,8,-1,900.51,timer,HGV
53,876.41,31.982015697480023,0.0,6,8,-1,876.41,timer,HGV
53,815.72,31.266962027414824,0.0,7,8,-1,815.72,timer,HGV
53,666.21,36.3765704010174,0.0,8,0,-1,666.21,timer,HGV
53,628.66,33.376570401017396,0.0,9,8,-1,628.66,timer,HGV
53,578.15,40.4862882782043,-0.027946205205145163,10,4,-1,578.15,timer,Electric car
53,488.04,35.40282099075896,-0.0052086672171276155,11,0,-1,488.04,timer,Electric car
53,454.22,37.958060576360815,-0.05344056638784362,12,8,-1,454.22,timer,Electric car
53,310.74,33.814974488967266,0.019304335695629345,13,0,-1,310.74,timer,Electric car
53,3.84,33.3029546487248,0.00031330547745048447,14,0,-1,3.84,timer,Electric car
53,3.84,33.3029546487248,0.00031330547745048447,14,0,-1,3.84,change slow,Electric car
53,3.84,33.3029546487248,0.00031330547745048447,14,8,0,3.84,enter lane 8,Electric car
54,1594.47,30.370708036594223,0.0,0,9,-1,594.47,timer,HGV
54,1694.92,36.42407578753894,0,1,1,-1,694.92,timer,HGV
54,1378.78,33.663606646689416,0.0,2,9,-1,378.78,timer,HGV
54,1044.38,33.15744642359388,0.0,3,9,-1,44.38,timer,HGV
54,1217.3,41.52252055896548,0.0,4,9,-1,217.3,timer,HGV
54,932.49,31.982015697480023,0.0,5,8,-1,932.49,timer,HGV
54,908.39,31.982015697480023,0.0,6,8,-1,908.39,timer,HGV
54,846.99,31.266962027414824,0.0,7,8,-1,846.99,timer,HGV
54,702.59,36.3765704010174,0.0,8,0,-1,702.59,timer,HGV
54,662.04,33.376570401017396,0.0,9,8,-1,662.04,timer,HGV
54,618.62,40.453684372131626,-0.03726160694019355,10,4,-1,618.62,timer,Electric car
54,523.44,35.397612323541836,-0.0052086672171276155,11,0,-1,523.44,timer,Electric car
54,492.15,37.90165108961809,-0.05937840709760402,12,8,-1,492.15,timer,Electric car
54,344.56,33.83532734781914,0.02140138200811456,13,0,-1,344.56,timer,Electric car
54,37.64,34.3029546487248,1,14,8,0,37.64,timer,Electric car
55,1624.85,30.370708036594223,0.0,0,9,-1,624.85,timer,HGV
55,1731.34,36.42407578753894,0,1,1,-1,731.34,leave lane,HGV
55,1731.34,36.42407578753894,0,1,2,-1,31.340000000000032,enter lane,HGV
55,1731.34,36.42407578753894,0,1,2,-1,31.340000000000032,timer,HGV
55,1412.45,33.663606646689416,0.0,2,9,-1,412.45,timer,HGV
55,1077.54,33.15744642359388,0.0,3,9,-1,77.54,timer,HGV
55,1258.82,41.52252055896548,0.0,4,9,-1,258.82,timer,HGV
55,964.47,31.982015697480023,0.0,5,8,-1,964.47,timer,HGV
55,940.37,31.982015697480023,0.0,6,8,-1,940.37,timer,HGV
55,878.26,31.266962027414824,0.0,7,8,-1,878.26,timer,HGV
55,738.97,36.3765704010174,0.0,8,0,-1,738.97,timer,HGV
55,695.41,33.376570401017396,0.0,9,8,-1,695.41,timer,HGV
55,659.05,40.41176506432391,-0.046577008675241935,10,4,-1,659.05,timer,Electric car
55,558.84,35.39240365632471,-0.0052086672171276155,11,0,-1,558.84,timer,Electric car
55,530.02,37.84077136237853,-0.06114147205530703,12,8,-1,530.02,timer,Electric car
55,378.41,33.857777252983496,0.023498428320599778,13,0,-1,378.41,timer,Electric car
55,72.44,35.3029546487248,1.0,14,8,0,72.44,timer,Electric car
56,108.25,36.3029546487248,1.0,14,8,0,108.25,leave lane 0,Electric car
56,108.25,36.3029546487248,0,14,8,-1,108.25,done change slow,Electric car
56,1655.22,30.370708036594223,0.0,0,9,-1,655.22,timer,HGV
56,1767.76,36.42407578753894,0,1,2,-1,67.76,timer,HGV
56,1446.11,33.663606646689416,0.0,2,9,-1,446.11,timer,HGV
56,1110.7,33.15744642359388,0.0,3,9,-1,110.7,timer,HGV
56,1300.34,41.52252055896548,0.0,4,9,-1,300.34,timer,HGV
56,996.45,31.982015697480023,0.0,5,8,-1,996.45,timer,HGV
56,972.35,31.982015697480023,0.0,6,8,-1,972.35,timer,HGV
56,909.53,31.266962027414824,0.0,7,8,-1,909.53,timer,HGV
56,775.35,36.3765704010174,0.0,8,0,-1,775.35,timer,HGV
56,728.79,33.376570401017396,0.0,9,8,-1,728.79,timer,HGV
56,699.44,40.36053035478114,-0.05589241041029032,10,4,-1,699.44,timer,Electric car
56,594.23,35.387194989107584,-0.0052086672171276155,11,0,-1,594.23,timer,Electric car
56,567.83,37.77962989032322,-0.06114147205530703,12,8,-1,567.83,timer,Electric car
56,412.28,33.88216498911189,0.02477830640151282,13,0,-1,412.28,timer,Electric car
56,108.25,36.3029546487248,0,14,8,-1,108.25,timer,Electric car
56,728.79,33.376570401017396,0.0,9,8,-1,728.79,change fast,HGV
56,728.79,33.376570401017396,0.0,9,0,8,728.79,enter lane 0,HGV
56.78431954361275,1021.53,31.982015697480023,0.0,5,8,-1,1021.53,leave lane,HGV
56.78431954361275,1021.53,31.982015697480023,0.0,5,9,-1,21.529999999999973,enter lane,HGV
56.91288477453901,1001.54,31.982015697480023,0.0,6,8,-1,1001.54,leave lane,HGV
56.91288477453901,1001.54,31.982015697480023,0.0,6,9,-1,1.5399999999999636,enter lane,HGV
57,1685.59,30.370708036594223,0.0,0,9,-1,685.59,timer,HGV
57,1804.18,36.42407578753894,0,1,2,-1,104.18,timer,HGV
57,1479.77,33.663606646689416,0.0,2,9,-1,479.77,timer,HGV
57,1143.86,33.15744642359388,0.0,3,9,-1,143.86,timer,HGV
57,1341.87,41.52252055896548,0.0,4,9,-1,341.87,timer,HGV
57,1028.43,31.982015697480023,0.0,5,9,-1,28.43,timer,HGV
57,1004.33,31.982015697480023,0.0,6,9,-1,4.33,timer,HGV
57,940.79,31.266962027414824,0.0,7,8,-1,940.79,timer,HGV
57,811.73,36.3765704010174,0.0,8,0,-1,811.73,timer,HGV
57,762.67,34.376570401017396,1.0,9,0,8,762.67,timer,HGV
57,739.77,40.29998024350333,-0.0652078121453387,10,4,-1,739.77,timer,Electric car
57,629.61,35.38198632189046,-0.0052086672171276155,11,0,-1,629.61,timer,Electric car
57,605.58,37.71848841826791,-0.06114147205530703,12,8,-1,605.58,timer,Electric car
57,446.17,33.90694329551341,0.02477830640151282,13,0,-1,446.17,timer,Electric car
57,144.55,36.301480968203634,-0.0029473610423291323,14,8,-1,144.55,timer,Electric car
57.57231518903935,0,36.74988380899262,0,15,-1,-1,0,start,Electric car
57.57231518903935,0,36.74988380899262,0,15,0,-1,0,enter lane,Electric car
57.645002953933734,0,32.16633254580426,0,16,-1,-1,0,start,Electric car
57.645002953933734,0,32.16633254580426,0,16,0,-1,0,enter lane,Electric car
58,1715.96,30.370708036594223,0.0,0,9,-1,715.96,leave lane,HGV
58,1715.96,30.370708036594223,0.0,0,10,-1,15.960000000000036,enter lane,HGV
58,1715.96,30.370708036594223,0.0,0,10,-1,15.960000000000036,timer,HGV
58,1840.6,36.42407578753894,0,1,2,-1,140.6,timer,HGV
58,1513.43,33.663606646689416,0.0,2,9,-1,513.43,timer,HGV
58,1177.02,33.15744642359388,0.0,3,9,-1,177.02,timer,HGV
58,1383.39,41.52252055896548,0.0,4,9,-1,383.39,timer,HGV
58,1060.41,31.982015697480023,0.0,5,9,-1,60.41,timer,HGV
58,1036.31,31.982015697480023,0.0,6,9,-1,36.31,timer,HGV
58,972.06,31.266962027414824,0.0,7,8,-1,972.06,timer,HGV
58,848.1,36.3765704010174,0.0,8,0,-1,848.1,timer,HGV
58,797.55,35.376570401017396,1.0,9,0,8,797.55,timer,HGV
58,780.04,40.23011473049046,-0.07452321388038709,10,4,-1,780.04,timer,Electric car
58,664.99,35.37677765467333,-0.0052086672171276155,11,0,-1,664.99,timer,Electric car
58,643.27,37.657346946212606,-0.06114147205530703,12,8,-1,643.27,timer,Electric car
58,480.09,33.931721601914916,0.02477830640151282,13,0,-1,480.09,timer,Electric car
58,180.85,36.29705992664014,-0.005894722084658265,14,8,-1,180.85,timer,Electric car
58,15.72,36.74953447865378,-0.0016335877725358217,15,0,-1,15.72,timer,Electric car
58,11.42,32.16649638292053,0.0009230336876589397,16,0,-1,11.42,timer,Electric car
58,11.42,32.16649638292053,0.0009230336876589397,16,0,-1,11.42,crash,Electric car
58,15.72,36.74953447865378,-0.0016335877725358217,15,0,-1,15.72,crash,Electric car
59,833.43,36.376570401017396,1.0,9,0,8,833.43,leave lane 8,HGV
59,833.43,36.376570401017396,0,9,0,-1,833.43,done change fast,HGV
59,1746.33,30.370708036594223,0.0,0,10,-1,46.33,timer,HGV
59,1877.02,36.42407578753894,0,1,2,-1,177.02,timer,HGV
59,1547.09,33.663606646689416,0.0,2,9,-1,547.09,timer,HGV
59,1210.18,33.15744642359388,0.0,3,9,-1,210.18,timer,HGV
59,1424.91,41.52252055896548,0.0,4,9,-1,424.91,timer,HGV
59,1092.39,31.982015697480023,0.0,5,9,-1,92.39,timer,HGV
59,1068.29,31.982015697480023,0.0,6,9,-1,68.29,timer,HGV
59,1003.33,31.266962027414824,0.0,7,8,-1,1003.33,leave lane,HGV
59,1003.33,31.266962027414824,0.0,7,9,-1,3.330000000000041,enter lane,HGV
59,1003.33,31.266962027414824,0.0,7,9,-1,3.330000000000041,timer,HGV
59,884.48,36.3765704010174,0.0,8,0,-1,884.48,timer,HGV
59,833.43,36.376570401017396,0,9,0,-1,833.43,timer,HGV
59,820.23,40.15093381574255,-0.08383861561543547,10,4,-1,820.23,timer,Electric car
59,700.36,35.37156898745621,-0.0052086672171276155,11,0,-1,700.36,timer,Electric car
59,680.9,37.5962054741573,-0.06114147205530703,12,8,-1,680.9,timer,Electric car
59,514.03,33.95649990831643,0.02477830640151282,13,0,-1,514.03,timer,Electric car
59,217.14,36.28969152403432,-0.008842083126987397,14,8,-1,217.14,timer,Electric car
59.25869581452669,0,33.48941108283177,0,17,-1,-1,0,start,Electric car
59.25869581452669,0,33.48941108283177,0,17,0,-1,0,enter lane,Electric car
59.25869581452669,0,33.48941108283177,0,17,0,-1,0,brake,Electric car
60,1776.7,30.370708036594223,0.0,0,10,-1,76.7,timer,HGV
60,1913.44,36.42407578753894,0,1,2,-1,213.44,timer,HGV
60,1580.75,33.663606646689416,0.0,2,9,-1,580.75,timer,HGV
60,1243.34,33.15744642359388,0.0,3,9,-1,243.34,timer,HGV
60,1466.43,41.52252055896548,0,4,9,-1,466.43,timer,HGV
60,1124.37,31.982015697480023,0.0,5,9,-1,124.37,timer,HGV
60,1100.27,31.982015697480023,0.0,6,9,-1,100.27,timer,HGV
60,1034.6,31.266962027414824,0.0,7,9,-1,34.6,timer,HGV
60,920.86,36.3765704010174,0.0,8,0,-1,920.86,timer,HGV
60,869.81,36.376570401017396,0.0,9,0,-1,869.81,timer,HGV
60,860.34,40.06276015566394,-0.09070221228932823,10,4,-1,860.34,timer,Electric car
60,735.73,35.36636032023908,-0.0052086672171276155,11,0,-1,735.73,timer,Electric car
60,718.47,37.535064002102,-0.06114147205530703,12,8,-1,718.47,timer,Electric car
60,548.0,33.98127821471794,0.02477830640151282,13,0,-1,548.0,timer,Electric car
60,253.42,36.279375760386166,-0.01178944416931653,14,8,-1,253.42,timer,Electric car
60,24.0,30.924194340938527,-4.0,17,0,-1,24.0,timer,Electric car
60.05197676457095,0,33.88154273609558,0,18,-1,-1,0,start,Electric car
60.05197676457095,0,33.88154273609558,0,18,0,-1,0,enter lane,Electric car
60.05197676457095,0,33.88154273609558,0,18,0,-1,0,brake,Electric car
61,1807.07,30.370708036594223,0.0,0,10,-1,107.07,timer,HGV
61,1949.86,36.42407578753894,0,1,2,-1,249.86,timer,HGV
61,1614.41,33.663606646689416,0.0,2,9,-1,614.41,timer,HGV
61,1276.5,33.15744642359388,0.0,3,9,-1,276.5,timer,HGV
61,1507.95,41.52252055896548,0,4,9,-1,507.95,timer,HGV
61,1156.35,31.982015697480023,0.0,5,9,-1,156.35,timer,HGV
61,1132.25,31.982015697480023,0.0,6,9,-1,132.25,timer,HGV
61,1065.87,31.266962027414824,0.0,7,9,-1,65.87,timer,HGV
61,957.24,36.3765704010174,0.0,8,0,-1,957.24,timer,HGV
61,906.19,36.376570401017396,0.0,9,0,-1,906.19,timer,HGV
61,900.36,39.97205794337461,-0.09070221228932823,10,4,-1,900.36,timer,Electric car
61,771.1,35.361151653021956,-0.0052086672171276155,11,0,-1,771.1,timer,Electric car
61,755.97,37.47392253004669,-0.06114147205530703,12,8,-1,755.97,timer,Electric car
61,582.0,34.006056521119454,0.02477830640151282,13,0,-1,582.0,timer,Electric car
61,289.69,36.266112635695684,-0.014736805211645661,14,8,-1,289.69,timer,Electric car
61,52.92,26.924194340938527,-4.0,17,0,-1,52.92,timer,Electric car
61,30.68,30.48944979437939,-4.0,18,0,-1,30.68,timer,Electric car
62,1837.44,30.370708036594223,0.0,0,10,-1,137.44,timer,HGV
62,1986.28,36.42407578753894,0,1,2,-1,286.28,timer,HGV
62,1648.07,33.663606646689416,0.0,2,9,-1,648.07,timer,HGV
62,1309.66,33.15744642359388,0.0,3,9,-1,309.66,timer,HGV
62,1549.47,41.52252055896548,0,4,9,-1,549.47,timer,HGV
62,1188.33,31.982015697480023,0.0,5,9,-1,188.33,timer,HGV
62,1164.23,31.982015697480023,0.0,6,9,-1,164.23,timer,HGV
62,1097.14,31.266962027414824,0.0,7,9,-1,97.14,timer,HGV
62,993.62,36.3765704010174,0.0,8,0,-1,993.62,timer,HGV
62,942.57,36.376570401017396,0.0,9,0,-1,942.57,timer,HGV
62,940.29,39.88135573108528,-0.09070221228932823,10,4,-1,940.29,timer,Electric car
62,806.46,35.35594298580483,-0.0052086672171276155,11,0,-1,806.46,timer,Electric car
62,793.41,37.41278105799139,-0.06114147205530703,12,8,-1,793.41,timer,Electric car
62,616.02,34.03083482752097,0.02477830640151282,13,0,-1,616.02,timer,Electric car
62,325.95,36.24990214996287,-0.017684166253974794,14,8,-1,325.95,timer,Electric car
62,77.84,22.924194340938527,-4.0,17,0,-1,77.84,timer,Electric car
62,59.17,26.48944979437939,-4.0,18,0,-1,59.17,timer,Electric car
63,1867.81,30.370708036594223,0.0,0,10,-1,167.81,timer,HGV
63,2022.7,36.42407578753894,0,1,2,-1,322.7,leave lane,HGV
63,2022.7,36.42407578753894,0,1,3,-1,22.69999999999999,enter lane,HGV
63,2022.7,36.42407578753894,0,1,3,-1,22.69999999999999,timer,HGV
63,1681.74,33.663606646689416,0.0,2,9,-1,681.74,timer,HGV
63,1342.82,33.15744642359388,0.0,3,9,-1,342.82,timer,HGV
63,1591.0,41.52252055896548,0.0,4,9,-1,591.0,timer,HGV
63,1220.31,31.982015697480023,0.0,5,9,-1,220.31,timer,HGV
63,1196.21,31.982015697480023,0.0,6,9,-1,196.21,timer,HGV
63,1128.41,31.266962027414824,0.0,7,9,-1,128.41,timer,HGV
63,1030.0,36.3765704010174,0.0,8,0,-1,1030.0,leave lane,HGV
63,1030.0,36.3765704010174,0.0,8,1,-1,30.0,enter lane,HGV
63,1030.0,36.3765704010174,0.0,8,1,-1,30.0,timer,HGV
63,978.95,36.376570401017396,0.0,9,0,-1,978.95,timer,HGV
63,980.13,39.79065351879595,-0.09070221228932823,10,4,-1,980.13,timer,Electric car
63,841.81,35.350734318587705,-0.0052086672171276155,11,0,-1,841.81,timer,Electric car
63,830.79,37.351639585936084,-0.06114147205530703,12,8,-1,830.79,timer,Electric car
63,650.06,34.055613133922485,0.02477830640151282,13,0,-1,650.06,timer,Electric car
63,362.19,36.230744303187734,-0.020631527296303926,14,8,-1,362.19,timer,Electric car
63,98.76,18.924194340938527,-4.0,17,0,-1,98.76,timer,Electric car
63,83.66,22.48944979437939,-4.0,18,0,-1,83.66,timer,Electric car
64,1898.18,30.370708036594223,0.0,0,10,-1,198.18,timer,HGV
64,2059.12,36.42407578753894,0,1,3,-1,59.12,timer,HGV
64,1715.4,33.663606646689416,0.0,2,9,-1,715.4,leave lane,HGV
64,1715.4,33.663606646689416,0.0,2,10,-1,15.399999999999977,enter lane,HGV
64,1715.4,33.663606646689416,0.0,2,10,-1,15.399999999999977,timer,HGV
64,1375.97,33.15744642359388,0.0,3,9,-1,375.97,timer,HGV
64,1632.52,41.52252055896548,0.0,4,9,-1,632.52,timer,HGV
64,1252.3,31.982015697480023,0.0,5,9,-1,252.3,timer,HGV
64,1228.2,31.982015697480023,0.0,6,9,-1,228.2,timer,HGV
64,1159.68,31.266962027414824,0.0,7,9,-1,159.68,timer,HGV
64,1066.38,36.3765704010174,0.0,8,1,-1,66.38,timer,HGV
64,1015.33,36.376570401017396,0.0,9,0,-1,1015.33,leave lane,HGV
64,1015.33,36.376570401017396,0.0,9,1,-1,15.330000000000041,enter lane,HGV
64,1019.88,39.69995130650662,-0.09070221228932823,10,4,-1,1019.88,leave lane,Electric car
64,1019.88,39.69995130650662,-0.09070221228932823,10,5,-1,19.879999999999995,enter lane,Electric car
64,1015.33,36.376570401017396,0.0,9,1,-1,15.330000000000041,timer,HGV
64,1019.88,39.69995130650662,-0.09070221228932823,10,5,-1,19.879999999999995,timer,Electric car
64,877.16,35.34552565137058,-0.0052086672171276155,11,0,-1,877.16,timer,Electric car
64,868.11,37.29049811388078,-0.06114147205530703,12,8,-1,868.11,timer,Electric car
64,684.13,34.080391440324,0.02477830640151282,13,0,-1,684.13,timer,Electric car
64,398.41,36.208639095370266,-0.02357888833863306,14,8,-1,398.41,timer,Electric car
64,115.68,14.924194340938527,-4.0,17,0,-1,115.68,timer,Electric car
64,104.15,18.48944979437939,-4.0,18,0,-1,104.15,timer,Electric car
65,1928.55,30.370708036594223,0.0,0,10,-1,228.55,timer,HGV
65,2095.54,36.42407578753894,0,1,3,-1,95.54,timer,HGV
65,1749.06,33.663606646689416,0.0,2,10,-1,49.06,timer,HGV
65,1409.13,33.15744642359388,0.0,3,9,-1,409.13,timer,HGV
65,1673.66,40.51468244298082,-1.4444444444444444,4,9,-1,673.66,timer,HGV
65,1284.28,31.982015697480023,0.0,5,9,-1,284.28,timer,HGV
65,1260.18,31.982015697480023,0.0,6,9,-1,260.18,timer,HGV
65,1190.95,31.266962027414824,0.0,7,9,-1,190.95,timer,HGV
65,1102.76,36.3765704010174,0.0,8,1,-1,102.76,timer,HGV
65,1051.71,36.376570401017396,0.0,9,1,-1,51.71,timer,HGV
65,1059.53,39.60924909421729,-0.09070221228932823,10,5,-1,59.53,timer,Electric car
65,912.5,35.34031698415345,-0.0052086672171276155,11,0,-1,912.5,timer,Electric car
65,905.37,37.229356641825476,-0.06114147205530703,12,8,-1,905.37,timer,Electric car
65,718.22,34.105169746725515,0.02477830640151282,13,0,-1,718.22,timer,Electric car
65,434.61,36.18358652651047,-0.02652624938096219,14,8,-1,434.61,timer,Electric car
65,128.6,10.924194340938527,-4.0,17,0,-1,128.6,timer,Electric car
65,120.64,14.48944979437939,-4.0,18,0,-1,120.64,timer,Electric car
65,120.64,14.48944979437939,-4.0,18,0,-1,120.64,crash,Electric car
65,128.6,10.924194340938527,-4.0,17,0,-1,128.6,crash,Electric car
66,1958.92,30.370708036594223,0.0,0,10,-1,258.92,timer,HGV
66,2131.96,36.42407578753894,0,1,3,-1,131.96,timer,HGV
66,1782.72,33.663606646689416,0.0,2,10,-1,82.72,timer,HGV
66,1713.45,39.07023799853638,-1.4444444444444444,4,9,-1,713.45,leave lane,HGV
66,1713.45,39.07023799853638,-1.4444444444444444,4,10,-1,13.450000000000045,enter lane,HGV
66,1442.29,33.15744642359388,0.0,3,9,-1,442.29,timer,HGV
66,1713.45,39.07023799853638,-1.4444444444444444,4,10,-1,13.450000000000045,timer,HGV
66,1316.26,31.982015697480023,0.0,5,9,-1,316.26,timer,HGV
66,1292.16,31.982015697480023,0.0,6,9,-1,292.16,timer,HGV
66,1222.22,31.266962027414824,0.0,7,9,-1,222.22,timer,HGV
66,1139.14,36.3765704010174,0.0,8,1,-1,139.14,timer,HGV
66,1088.09,36.376570401017396,0.0,9,1,-1,88.09,timer,HGV
66,1099.09,39.51854688192796,-0.09070221228932823,10,5,-1,99.09,timer,Electric car
66,947.84,35.33510831693633,-0.0052086672171276155,11,0,-1,947.84,timer,Electric car
66,942.57,37.16821516977017,-0.06114147205530703,12,8,-1,942.57,timer,Electric car
66,752.34,34.12994805312703,0.02477830640151282,13,0,-1,752.34,timer,Electric car
66,470.78,36.15558659660834,-0.029473610423291323,14,8,-1,470.78,timer,Electric car
67,1989.29,30.370708036594223,0.0,0,10,-1,289.29,timer,HGV
67,2168.38,36.42407578753894,0,1,3,-1,168.38,timer,HGV
67,1816.38,33.663606646689416,0.0,2,10,-1,116.38,timer,HGV
67,1475.45,33.15744642359388,0.0,3,9,-1,475.45,timer,HGV
67,1751.8,37.625793554091935,-1.4444444444444444,4,10,-1,51.8,timer,HGV
67,1348.24,31.982015697480023,0.0,5,9,-1,348.24,timer,HGV
67,1324.14,31.982015697480023,0.0,6,9,-1,324.14,timer,HGV
67,1253.48,31.266962027414824,0.0,7,9,-1,253.48,timer,HGV
67,1175.52,36.3765704010174,0.0,8,1,-1,175.52,timer,HGV
67,1124.47,36.376570401017396,0.0,9,1,-1,124.47,timer,HGV
67,1138.56,39.42784466963863,-0.09070221228932823,10,5,-1,138.56,timer,Electric car
67,983.17,35.3298996497192,-0.0052086672171276155,11,0,-1,983.17,timer,Electric car
67,979.71,37.10707369771487,-0.06114147205530703,12,8,-1,979.71,timer,Electric car
67,786.48,34.154726359528546,0.02477830640151282,13,0,-1,786.48,timer,Electric car
67,506.92,36.124639305663884,-0.03242097146562045,14,8,-1,506.92,timer,Electric car
68,2019.66,30.370708036594223,0.0,0,10,-1,319.66,leave lane,HGV
68,2019.66,30.370708036594223,0.0,0,-1,-1,319.66,end,HGV
68,2204.8,36.42407578753894,0,1,3,-1,204.8,timer,HGV
68,1850.04,33.663606646689416,0.0,2,10,-1,150.04,timer,HGV
68,1508.61,33.15744642359388,0.0,3,9,-1,508.61,timer,HGV
68,1788.7,36.18134910964749,-1.4444444444444444,4,10,-1,88.7,timer,HGV
68,1380.22,31.982015697480023,0.0,5,9,-1,380.22,timer,HGV
68,1356.12,31.982015697480023,0.0,6,9,-1,356.12,timer,HGV
68,1284.75,31.266962027414824,0.0,7,9,-1,284.75,timer,HGV
68,1211.9,36.3765704010174,0.0,8,1,-1,211.9,timer,HGV
68,1160.85,36.376570401017396,0.0,9,1,-1,160.85,timer,HGV
68,1177.94,39.3371424573493,-0.09070221228932823,10,5,-1,177.94,timer,Electric car
68,1018.5,35.32469098250208,-0.0052086672171276155,11,0,-1,1018.5,leave lane,Electric car
68,1018.5,35.32469098250208,-0.0052086672171276155,11,1,-1,18.5,enter lane,Electric car
68,1018.5,35.32469098250208,-0.0052086672171276155,11,1,-1,18.5,timer,Electric car
68,1016.79,37.04593222565956,-0.06114147205530703,12,8,-1,1016.79,leave lane,Electric car
68,1016.79,37.04593222565956,-0.06114147205530703,12,9,-1,16.789999999999964,enter lane,Electric car
68,1016.79,37.04593222565956,-0.06114147205530703,12,9,-1,16.789999999999964,timer,Electric car
68,820.65,34.17950466593006,0.02477830640151282,13,0,-1,820.65,timer,Electric car
68,543.03,36.09105928779562,-0.034006465889280996,14,8,-1,543.03,timer,Electric car
69,2241.22,36.42407578753894,0,1,3,-1,241.22,timer,HGV
69,1883.7,33.663606646689416,0.0,2,10,-1,183.7,timer,HGV
69,1541.77,33.15744642359388,0.0,3,9,-1,541.77,timer,HGV
69,1824.16,34.73690466520305,-1.4444444444444444,4,10,-1,124.16,timer,HGV
69,1412.2,31.982015697480023,0.0,5,9,-1,412.2,timer,HGV
69,1388.1,31.982015697480023,0.0,6,9,-1,388.1,timer,HGV
69,1316.02,31.266962027414824,0.0,7,9,-1,316.02,timer,HGV
69,1248.28,36.3765704010174,0.0,8,1,-1,248.28,timer,HGV
69,1197.23,36.376570401017396,0.0,9,1,-1,197.23,timer,HGV
69,1217.23,39.24644024505997,-0.09070221228932823,10,5,-1,217.23,timer,Electric car
69,1053.82,35.31948231528495,-0.0052086672171276155,11,1,-1,53.82,timer,Electric car
69,1053.81,36.98479075360426,-0.06114147205530703,12,9,-1,53.81,timer,Electric car
69,854.84,34.204282972331576,0.02477830640151282,13,0,-1,854.84,timer,Electric car
69,579.1,36.05705282190634,-0.034006465889280996,14,8,-1,579.1,timer,Electric car
70,2277.64,36.42407578753894,0,1,3,-1,277.64,timer,HGV
70,1917.36,33.663606646689416,0.0,2,10,-1,217.36,timer,HGV
70,1574.93,33.15744642359388,0.0,3,9,-1,574.93,timer,HGV
70,1858.24,33.66606022933344,-0.10828197666693185,4,10,-1,158.24,timer,HGV
70,1444.18,31.982015697480023,0.0,5,9,-1,444.18,timer,HGV
70,1420.08,31.982015697480023,0.0,6,9,-1,420.08,timer,HGV
70,1347.29,31.266962027414824,0.0,7,9,-1,347.29,timer,HGV
70,1284.66,36.3765704010174,0,8,1,-1,284.66,timer,HGV
70,1233.61,36.376570401017396,0,9,1,-1,233.61,timer,HGV
70,1256.43,39.15573803277064,-0.09070221228932823,10,5,-1,256.43,timer,Electric car
70,1089.14,35.314273648067825,-0.0052086672171276155,11,1,-1,89.14,timer,Electric car
70,1090.76,36.923649281548954,-0.06114147205530703,12,9,-1,90.76,timer,Electric car
70,889.06,34.22906127873309,0.02477830640151282,13,0,-1,889.06,timer,Electric car
70,615.14,36.023046356017055,-0.034006465889280996,14,8,-1,615.14,timer,Electric car
70.30273935043164,0,32.752494610974814,0,19,-1,-1,0,start,Electric car
70.30273935043164,0,32.752494610974814,0,19,0,-1,0,enter lane,Electric car
70.30273935043164,0,32.752494610974814,0,19,0,-1,0,brake,Electric car
71,2314.06,36.42407578753894,0,1,3,-1,314.06,timer,HGV
71,1951.03,33.663606646689416,0.0,2,10,-1,251.03,timer,HGV
71,1608.09,33.15744642359388,0.0,3,9,-1,608.09,timer,HGV
71,1891.91,33.66360664668943,0.0,4,10,-1,191.91,timer,HGV
71,1476.16,31.982015697480023,0.0,5,9,-1,476.16,timer,HGV
71,1452.06,31.982015697480023,0.0,6,9,-1,452.06,timer,HGV
71,1378.56,31.266962027414824,0.0,7,9,-1,378.56,timer,HGV
71,1321.04,36.3765704010174,0,8,1,-1,321.04,timer,HGV
71,1269.99,36.376570401017396,0,9,1,-1,269.99,timer,HGV
71,1295.54,39.06503582048131,-0.09070221228932823,10,5,-1,295.54,timer,Electric car
71,1124.45,35.3090649808507,-0.0052086672171276155,11,1,-1,124.45,timer,Electric car
71,1127.65,36.86250780949365,-0.06114147205530703,12,9,-1,127.65,timer,Electric car
71,923.3,34.2538395851346,0.02477830640151282,13,0,-1,923.3,timer,Electric car
71,651.15,35.98903989012777,-0.034006465889280996,14,8,-1,651.15,timer,Electric car
71,22.11,30.36345201270136,-4.0,19,0,-1,22.11,timer,Electric car
72,2350.48,36.42407578753894,0,1,3,-1,350.48,timer,HGV
72,1984.69,33.663606646689416,0.0,2,10,-1,284.69,timer,HGV
72,1641.25,33.15744642359388,0.0,3,9,-1,641.25,timer,HGV
72,1925.57,33.66360664668943,0.0,4,10,-1,225.57,timer,HGV
72,1508.14,31.982015697480023,0.0,5,9,-1,508.14,timer,HGV
72,1484.04,31.982015697480023,0.0,6,9,-1,484.04,timer,HGV
72,1409.83,31.266962027414824,0.0,7,9,-1,409.83,timer,HGV
72,1357.42,36.3765704010174,0,8,1,-1,357.42,timer,HGV
72,1306.37,36.376570401017396,0,9,1,-1,306.37,timer,HGV
72,1334.56,38.974333608191984,-0.09070221228932823,10,5,-1,334.56,timer,Electric car
72,1159.76,35.303856313633574,-0.0052086672171276155,11,1,-1,159.76,timer,Electric car
72,1164.48,36.801366337438346,-0.06114147205530703,12,9,-1,164.48,timer,Electric car
72,957.57,34.278617891536115,0.02477830640151282,13,0,-1,957.57,timer,Electric car
72,687.12,35.955033424238486,-0.034006465889280996,14,8,-1,687.12,timer,Electric car
72,50.47,26.36345201270136,-4.0,19,0,-1,50.47,timer,Electric car
72.50372303046814,2001.65,33.663606646689416,0.0,2,10,-1,301.65,leave lane,HGV
72.50372303046814,2001.65,33.663606646689416,0.0,2,-1,-1,301.65,end,HGV
73,2386.9,36.42407578753894,0,1,3,-1,386.9,timer,HGV
73,1674.41,33.15744642359388,0.0,3,9,-1,674.41,timer,HGV
73,1959.23,33.66360664668943,0.0,4,10,-1,259.23,timer,HGV
73,1540.12,31.982015697480023,0.0,5,9,-1,540.12,timer,HGV
73,1516.02,31.982015697480023,0.0,6,9,-1,516.02,timer,HGV
73,1441.1,31.266962027414824,0.0,7,9,-1,441.1,timer,HGV
73,1393.8,36.3765704010174,0,8,1,-1,393.8,timer,HGV
73,1342.75,36.376570401017396,0,9,1,-1,342.75,timer,HGV
73,1373.49,38.883631395902654,-0.09070221228932823,10,5,-1,373.49,timer,Electric car
73,1195.06,35.29864764641645,-0.0052086672171276155,11,1,-1,195.06,timer,Electric car
73,1201.25,36.74022486538304,-0.06114147205530703,12,9,-1,201.25,timer,Electric car
73,991.86,34.30339619793763,0.02477830640151282,13,0,-1,991.86,timer,Electric car
73,723.06,35.9210269583492,-0.034006465889280996,14,8,-1,723.06,timer,Electric car
73,74.83,22.36345201270136,-4.0,19,0,-1,74.83,timer,Electric car
74,2423.32,36.42407578753894,0,1,3,-1,423.32,timer,HGV
74,1707.57,33.15744642359388,0.0,3,9,-1,707.57,leave lane,HGV
74,1707.57,33.15744642359388,0.0,3,10,-1,7.57000000000005,enter lane,HGV
74,1707.57,33.15744642359388,0.0,3,10,-1,7.57000000000005,timer,HGV
74,1992.89,33.66360664668943,0.0,4,10,-1,292.89,timer,HGV
74,1572.1,31.982015697480023,0.0,5,9,-1,572.1,timer,HGV
74,1548.0,31.982015697480023,0.0,6,9,-1,548.0,timer,HGV
74,1472.37,31.266962027414824,0.0,7,9,-1,472.37,timer,HGV
74,1430.18,36.3765704010174,0,8,1,-1,430.18,timer,HGV
74,1379.13,36.376570401017396,0,9,1,-1,379.13,timer,HGV
74,1412.33,38.792929183613325,-0.09070221228932823,10,5,-1,412.33,timer,Electric car
74,1230.36,35.29343897919932,-0.0052086672171276155,11,1,-1,230.36,timer,Electric car
74,1237.96,36.67908339332774,-0.06114147205530703,12,9,-1,237.96,timer,Electric car
74,1026.18,34.328174504339145,0.02477830640151282,13,0,-1,1026.18,leave lane,Electric car
74,1026.18,34.328174504339145,0.02477830640151282,13,1,-1,26.180000000000064,enter lane,Electric car
74,1026.18,34.328174504339145,0.02477830640151282,13,1,-1,26.180000000000064,timer,Electric car
74,758.96,35.88702049245992,-0.034006465889280996,14,8,-1,758.96,timer,Electric car
74,95.19,18.36345201270136,-4.0,19,0,-1,95.19,timer,Electric car
74.8414560866857,2021.22,33.66360664668943,0.0,4,10,-1,321.22,leave lane,HGV
74.8414560866857,2021.22,33.66360664668943,0.0,4,-1,-1,321.22,end,HGV
75,2459.74,36.42407578753894,0,1,3,-1,459.74,timer,HGV
75,1740.73,33.15744642359388,0.0,3,10,-1,40.73,timer,HGV
75,1604.08,31.982015697480023,0.0,5,9,-1,604.08,timer,HGV
75,1579.98,31.982015697480023,0.0,6,9,-1,579.98,timer,HGV
75,1503.64,31.266962027414824,0.0,7,9,-1,503.64,timer,HGV
75,1466.56,36.3765704010174,0,8,1,-1,466.56,timer,HGV
75,1415.51,36.376570401017396,0,9,1,-1,415.51,timer,HGV
75,1451.08,38.702226971323995,-0.09070221228932823,10,5,-1,451.08,timer,Electric car
75,1265.65,35.2882303119822,-0.0052086672171276155,11,1,-1,265.65,timer,Electric car
75,1274.61,36.617941921272426,-0.06114147205530703,12,9,-1,274.61,timer,Electric car
75,1060.52,34.35295281074066,0.02477830640151282,13,1,-1,60.52,timer,Electric car
75,794.83,35.853014026570634,-0.034006465889280996,14,8,-1,794.83,timer,Electric car
75,111.55,14.363452012701359,-4.0,19,0,-1,111.55,timer,Electric car
76,2496.16,36.42407578753894,0,1,3,-1,496.16,timer,HGV
76,1773.89,33.15744642359388,0.0,3,10,-1,73.89,timer,HGV
76,1636.06,31.982015697480023,0.0,5,9,-1,636.06,timer,HGV
76,1611.96,31.982015697480023,0.0,6,9,-1,611.96,timer,HGV
76,1534.91,31.266962027414824,0.0,7,9,-1,534.91,timer,HGV
76,1502.94,36.3765704010174,0,8,1,-1,502.94,timer,HGV
76,1451.89,36.376570401017396,0,9,1,-1,451.89,timer,HGV
76,1489.74,38.611524759034666,-0.09070221228932823,10,5,-1,489.74,timer,Electric car
76,1300.94,35.28302164476507,-0.0052086672171276155,11,1,-1,300.94,timer,Electric car
76,1311.2,36.55680044921712,-0.06114147205530703,12,9,-1,311.2,timer,Electric car
76,1094.89,34.377731117142176,0.02477830640151282,13,1,-1,94.89,timer,Electric car
76,830.67,35.81900756068135,-0.034006465889280996,14,8,-1,830.67,timer,Electric car
76,123.91,10.363452012701359,-4.0,19,0,-1,123.91,timer,Electric car
76,123.91,10.363452012701359,-4.0,19,0,-1,123.91,crash,Electric car
77,2532.58,36.42407578753894,0,1,3,-1,532.58,timer,HGV
77,1807.05,33.15744642359388,0.0,3,10,-1,107.05,timer,HGV
77,1668.04,31.982015697480023,0.0,5,9,-1,668.04,timer,HGV
77,1643.94,31.982015697480023,0.0,6,9,-1,643.94,timer,HGV
77,1566.17,31.266962027414824,0.0,7,9,-1,566.17,timer,HGV
77,1539.32,36.3765704010174,0,8,1,-1,539.32,timer,HGV
77,1488.27,36.376570401017396,0,9,1,-1,488.27,timer,HGV
77,1528.31,38.520822546745336,-0.09070221228932823,10,5,-1,528.31,timer,Electric car
77,1336.22,35.277812977547946,-0.0052086672171276155,11,1,-1,336.22,timer,Electric car
77,1347.72,36.49565897716181,-0.06114147205530703,12,9,-1,347.72,timer,Electric car
77,1129.28,34.40250942354369,0.02477830640151282,13,1,-1,129.28,timer,Electric car
77,866.47,35.785001094792065,-0.034006465889280996,14,8,-1,866.47,timer,Electric car
78,2569.0,36.42407578753894,0,1,3,-1,569.0,timer,HGV
78,1840.21,33.15744642359388,0.0,3,10,-1,140.21,timer,HGV
78,1700.02,31.982015697480023,0.0,5,9,-1,700.02,leave lane,HGV
78,1700.02,31.982015697480023,0.0,5,10,-1,0.01999999999998181,enter lane,HGV
78,1700.02,31.982015697480023,0.0,5,10,-1,0.01999999999998181,timer,HGV
78,1675.92,31.982015697480023,0.0,6,9,-1,675.92,timer,HGV
78,1597.44,31.266962027414824,0.0,7,9,-1,597.44,timer,HGV
78,1575.7,36.3765704010174,0,8,1,-1,575.7,timer,HGV
78,1524.65,36.376570401017396,0,9,1,-1,524.65,timer,HGV
78,1566.79,38.43012033445601,-0.09070221228932823,10,5,-1,566.79,timer,Electric car
78,1371.5,35.27260431033082,-0.0052086672171276155,11,1,-1,371.5,timer,Electric car
78,1384.19,36.434517505106506,-0.06114147205530703,12,9,-1,384.19,timer,Electric car
78,1163.69,34.427287729945206,0.02477830640151282,13,1,-1,163.69,timer,Electric car
78,902.24,35.75099462890278,-0.034006465889280996,14,8,-1,902.24,timer,Electric car
79,2605.42,36.42407578753894,0,1,3,-1,605.42,timer,HGV
79,1873.37,33.15744642359388,0.0,3,10,-1,173.37,timer,HGV
79,1732.0,31.982015697480023,0.0,5,10,-1,32.0,timer,HGV
79,1707.9,31.982015697480023,0.0,6,9,-1,707.9,leave lane,HGV
79,1707.9,31.982015697480023,0.0,6,10,-1,7.899999999999977,enter lane,HGV
79,1707.9,31.982015697480023,0.0,6,10,-1,7.899999999999977,timer,HGV
79,1628.71,31.266962027414824,0.0,7,9,-1,628.71,timer,HGV
79,1612.08,36.3765704010174,0,8,1,-1,612.08,timer,HGV
79,1561.03,36.376570401017396,0,9,1,-1,561.03,timer,HGV
79,1605.17,38.33941812216668,-0.09070221228932823,10,5,-1,605.17,timer,Electric car
79,1406.77,35.267395643113694,-0.0052086672171276155,11,1,-1,406.77,timer,Electric car
79,1420.59,36.3733760330512,-0.06114147205530703,12,9,-1,420.59,timer,Electric car
79,1198.13,34.45206603634672,0.02477830640151282,13,1,-1,198.13,timer,Electric car
79,937.97,35.7169881630135,-0.034006465889280996,14,8,-1,937.97,timer,Electric car
80,2641.84,36.42407578753894,0,1,3,-1,641.84,timer,HGV
80,1906.53,33.15744642359388,0.0,3,10,-1,206.53,timer,HGV
80,1763.98,31.982015697480023,0.0,5,10,-1,63.98,timer,HGV
80,1739.88,31.982015697480023,0.0,6,10,-1,39.88,timer,HGV
80,1659.98,31.266962027414824,0.0,7,9,-1,659.98,timer,HGV
80,1648.46,36.3765704010174,0,8,1,-1,648.46,timer,HGV
80,1597.41,36.376570401017396,0,9,1,-1,597.41,timer,HGV
80,1643.46,38.24871590987735,-0.09070221228932823,10,5,-1,643.46,timer,Electric car
80,1442.03,35.26218697589657,-0.0052086672171276155,11,1,-1,442.03,timer,Electric car
80,1456.93,36.3122345609959,-0.06114147205530703,12,9,-1,456.93,timer,Electric car
80,1232.59,34.47684434274824,0.02477830640151282,13,1,-1,232.59,timer,Electric car
80,973.67,35.68298169712421,-0.034006465889280996,14,8,-1,973.67,timer,Electric car
81,2678.26,36.42407578753894,0,1,3,-1,678.26,timer,HGV
81,1939.69,33.15744642359388,0.0,3,10,-1,239.69,timer,HGV
81,1795.96,31.982015697480023,0.0,5,10,-1,95.96,timer,HGV
81,1771.86,31.982015697480023,0.0,6,10,-1,71.86,timer,HGV
81,1691.25,31.266962027414824,0.0,7,9,-1,691.25,timer,HGV
81,1684.84,36.3765704010174,0,8,1,-1,684.84,timer,HGV
81,1633.79,36.376570401017396,0,9,1,-1,633.79,timer,HGV
81,1681.66,38.15801369758802,-0.09070221228932823,10,5,-1,681.66,timer,Electric car
81,1477.29,35.25697830867944,-0.0052086672171276155,11,1,-1,477.29,timer,Electric car
81,1493.21,36.25109308894059,-0.06114147205530703,12,9,-1,493.21,timer,Electric car
81,1267.08,34.50162264914975,0.02477830640151282,13,1,-1,267.08,timer,Electric car
81,1009.34,35.64897523123493,-0.034006465889280996,14,8,-1,1009.34,leave lane,Electric car
81,1009.34,35.64897523123493,-0.034006465889280996,14,9,-1,9.340000000000032,enter lane,Electric car
81,1009.34,35.64897523123493,-0.034006465889280996,14,9,-1,9.340000000000032,timer,Electric car
82,2714.68,36.42407578753894,0,1,3,-1,714.68,timer,HGV
82,1972.85,33.15744642359388,0.0,3,10,-1,272.85,timer,HGV
82,1827.94,31.982015697480023,0.0,5,10,-1,127.94,timer,HGV
82,1803.84,31.982015697480023,0.0,6,10,-1,103.84,timer,HGV
82,1722.52,31.266962027414824,0.0,7,9,-1,722.52,leave lane,HGV
82,1722.52,31.266962027414824,0.0,7,10,-1,22.519999999999982,enter lane,HGV
82,1722.52,31.266962027414824,0.0,7,10,-1,22.519999999999982,timer,HGV
82,1721.22,36.3765704010174,0,8,1,-1,721.22,leave lane,HGV
82,1721.22,36.3765704010174,0,8,2,-1,21.220000000000027,enter lane,HGV
82,1721.22,36.3765704010174,0,8,2,-1,21.220000000000027,timer,HGV
82,1719.77,38.06731148529869,-0.09070221228932823,10,5,-1,719.77,leave lane,Electric car
82,1719.77,38.06731148529869,-0.09070221228932823,10,6,-1,19.769999999999982,enter lane,Electric car
82,1670.17,36.376570401017396,0,9,1,-1,670.17,timer,HGV
82,1719.77,38.06731148529869,-0.09070221228932823,10,6,-1,19.769999999999982,timer,Electric car
82,1512.54,35.25176964146232,-0.0052086672171276155,11,1,-1,512.54,timer,Electric car
82,1529.43,36.18995161688529,-0.06114147205530703,12,9,-1,529.43,timer,Electric car
82,1301.59,34.52640095555127,0.02477830640151282,13,1,-1,301.59,timer,Electric car
82,1044.97,35.614968765345644,-0.034006465889280996,14,9,-1,44.97,timer,Electric car
83,2751.1,36.42407578753894,0,1,3,-1,751.1,timer,HGV
83,2006.01,33.15744642359388,0.0,3,10,-1,306.01,leave lane,HGV
83,2006.01,33.15744642359388,0.0,3,-1,-1,306.01,end,HGV
83,1859.92,31.982015697480023,0.0,5,10,-1,159.92,timer,HGV
83,1835.82,31.982015697480023,0.0,6,10,-1,135.82,timer,HGV
83,1753.79,31.266962027414824,0.0,7,10,-1,53.79,timer,HGV
83,1757.6,36.3765704010174,0,8,2,-1,57.6,timer,HGV
83,1706.55,36.376570401017396,0,9,1,-1,706.55,leave lane,HGV
83,1706.55,36.376570401017396,0,9,2,-1,6.5499999999999545,enter lane,HGV
83,1706.55,36.376570401017396,0,9,2,-1,6.5499999999999545,timer,HGV
83,1757.79,37.97660927300936,-0.09070221228932823,10,6,-1,57.79,timer,Electric car
83,1547.79,35.24656097424519,-0.0052086672171276155,11,1,-1,547.79,timer,Electric car
83,1565.59,36.128810144829984,-0.06114147205530703,12,9,-1,565.59,timer,Electric car
83,1336.13,34.55117926195278,0.02477830640151282,13,1,-1,336.13,timer,Electric car
83,1080.57,35.58096229945636,-0.034006465889280996,14,9,-1,80.57,timer,Electric car
84,2787.52,36.42407578753894,0,1,3,-1,787.52,timer,HGV
84,1891.9,31.982015697480023,0.0,5,10,-1,191.9,timer,HGV
84,1867.8,31.982015697480023,0.0,6,10,-1,167.8,timer,HGV
84,1785.06,31.266962027414824,0.0,7,10,-1,85.06,timer,HGV
84,1793.98,36.3765704010174,0,8,2,-1,93.98,timer,HGV
84,1742.93,36.376570401017396,0,9,2,-1,42.93,timer,HGV
84,1795.72,37.88590706072003,-0.09070221228932823,10,6,-1,95.72,timer,Electric car
84,1583.03,35.241352307028066,-0.0052086672171276155,11,1,-1,583.03,timer,Electric car
84,1601.69,36.06766867277468,-0.06114147205530703,12,9,-1,601.69,timer,Electric car
84,1370.69,34.5759575683543,0.02477830640151282,13,1,-1,370.69,timer,Electric car
84,1116.13,35.546955833567075,-0.034006465889280996,14,9,-1,116.13,timer,Electric car
85,2823.94,36.42407578753894,0,1,3,-1,823.94,timer,HGV
85,1923.88,31.982015697480023,0.0,5,10,-1,223.88,timer,HGV
85,1899.78,31.982015697480023,0.0,6,10,-1,199.78,timer,HGV
85,1816.33,31.266962027414824,0.0,7,10,-1,116.33,timer,HGV
85,1830.36,36.3765704010174,0,8,2,-1,130.36,timer,HGV
85,1779.31,36.376570401017396,0,9,2,-1,79.31,timer,HGV
85,1833.56,37.7952048484307,-0.09070221228932823,10,6,-1,133.56,timer,Electric car
85,1618.27,35.23614363981094,-0.0052086672171276155,11,1,-1,618.27,timer,Electric car
85,1637.73,36.006527200719376,-0.06114147205530703,12,9,-1,637.73,timer,Electric car
85,1405.28,34.60073587475581,0.02477830640151282,13,1,-1,405.28,timer,Electric car
85,1151.66,35.51294936767779,-0.034006465889280996,14,9,-1,151.66,timer,Electric car
86,2860.36,36.42407578753894,0,1,3,-1,860.36,timer,HGV
86,1955.86,31.982015697480023,0.0,5,10,-1,255.86,timer,HGV
86,1931.76,31.982015697480023,0.0,6,10,-1,231.76,timer,HGV
86,1847.6,31.266962027414824,0.0,7,10,-1,147.6,timer,HGV
86,1866.74,36.3765704010174,0,8,2,-1,166.74,timer,HGV
86,1815.69,36.376570401017396,0,9,2,-1,115.69,timer,HGV
86,1871.31,37.70450263614137,-0.09070221228932823,10,6,-1,171.31,timer,Electric car
86,1653.5,35.230934972593815,-0.0052086672171276155,11,1,-1,653.5,timer,Electric car
86,1673.71,35.94538572866407,-0.06114147205530703,12,9,-1,673.71,timer,Electric car
86,1439.89,34.62551418115733,0.02477830640151282,13,1,-1,439.89,timer,Electric car
86,1187.16,35.47894290178851,-0.034006465889280996,14,9,-1,187.16,timer,Electric car
86.89635612787816,0,31.892805257897233,0,20,-1,-1,0,start,Renault Clio Hatchback
86.89635612787816,0,31.892805257897233,0,20,4,-1,0,enter lane,Renault Clio Hatchback
87,2896.78,36.42407578753894,0,1,3,-1,896.78,timer,HGV
87,1987.84,31.982015697480023,0.0,5,10,-1,287.84,timer,HGV
87,1963.74,31.982015697480023,0.0,6,10,-1,263.74,timer,HGV
87,1878.86,31.266962027414824,0.0,7,10,-1,178.86,timer,HGV
87,1903.12,36.3765704010174,0,8,2,-1,203.12,timer,HGV
87,1852.07,36.376570401017396,0,9,2,-1,152.07,timer,HGV
87,1908.97,37.61380042385204,-0.09070221228932823,10,6,-1,208.97,timer,Electric car
87,1688.73,35.22572630537669,-0.0052086672171276155,11,1,-1,688.73,timer,Electric car
87,1709.62,35.88424425660877,-0.06114147205530703,12,9,-1,709.62,leave lane,Electric car
87,1709.62,35.88424425660877,-0.06114147205530703,12,10,-1,9.620000000000005,enter lane,Electric car
87,1709.62,35.88424425660877,-0.06114147205530703,12,10,-1,9.620000000000005,timer,Electric car
87,1474.53,34.65029248755884,0.02477830640151282,13,1,-1,474.53,timer,Electric car
87,1222.62,35.44493643589922,-0.034006465889280996,14,9,-1,222.62,timer,Electric car
87,3.31,31.892820670478933,0.00029741423944756493,20,4,-1,3.31,timer,Renault Clio Hatchback
88,2933.2,36.42407578753894,0,1,3,-1,933.2,timer,HGV
88,2019.82,31.982015697480023,0.0,5,10,-1,319.82,leave lane,HGV
88,2019.82,31.982015697480023,0.0,5,-1,-1,319.82,end,HGV
88,1995.72,31.982015697480023,0.0,6,10,-1,295.72,timer,HGV
88,1910.13,31.266962027414824,0.0,7,10,-1,210.13,timer,HGV
88,1939.5,36.3765704010174,0,8,2,-1,239.5,timer,HGV
88,1888.45,36.376570401017396,0,9,2,-1,188.45,timer,HGV
88,1946.54,37.52309821156271,-0.09070221228932823,10,6,-1,246.54,timer,Electric car
88,1723.95,35.22051763815956,-0.0052086672171276155,11,1,-1,723.95,leave lane,Electric car
88,1723.95,35.22051763815956,-0.0052086672171276155,11,2,-1,23.950000000000045,enter lane,Electric car
88,1723.95,35.22051763815956,-0.0052086672171276155,11,2,-1,23.950000000000045,timer,Electric car
88,1745.47,35.82310278455346,-0.06114147205530703,12,10,-1,45.47,timer,Electric car
88,1509.19,34.67507079396036,0.02477830640151282,13,1,-1,509.19,timer,Electric car
88,1258.05,35.41092997000994,-0.034006465889280996,14,9,-1,258.05,timer,Electric car
88,35.2,31.89455287402796,0.0031669928586055495,20,4,-1,35.2,timer,Renault Clio Hatchback
89,2969.62,36.42407578753894,0,1,3,-1,969.62,timer,HGV
89,2027.7,31.982015697480023,0.0,6,10,-1,327.7,leave lane,HGV
89,2027.7,31.982015697480023,0.0,6,-1,-1,327.7,end,HGV
89,1941.4,31.266962027414824,0.0,7,10,-1,241.4,timer,HGV
89,1975.88,36.3765704010174,0,8,2,-1,275.88,timer,HGV
89,1924.83,36.376570401017396,0,9,2,-1,224.83,timer,HGV
89,1984.02,37.43239599927338,-0.09070221228932823,10,6,-1,284.02,timer,Electric car
89,1759.17,35.21530897094244,-0.0052086672171276155,11,2,-1,59.17,timer,Electric car
89,1781.26,35.76196131249816,-0.06114147205530703,12,10,-1,81.26,timer,Electric car
89,1543.88,34.699849100361874,0.02477830640151282,13,1,-1,543.88,timer,Electric car
89,1293.44,35.376923504120654,-0.034006465889280996,14,9,-1,293.44,timer,Electric car
89,67.1,31.899154656196142,0.006036571477763535,20,4,-1,67.1,timer,Renault Clio Hatchback
90,3006.04,36.42407578753894,0,1,3,-1,1006.04,leave lane,HGV
90,3006.04,36.42407578753894,0,1,-1,-1,1006.04,end,HGV
90,1972.67,31.266962027414824,0.0,7,10,-1,272.67,timer,HGV
90,2012.26,36.3765704010174,0,8,2,-1,312.26,leave lane,HGV
90,2012.26,36.3765704010174,0,8,3,-1,12.259999999999991,enter lane,HGV
90,2012.26,36.3765704010174,0,8,3,-1,12.259999999999991,timer,HGV
90,2021.41,37.34169378698405,-0.09070221228932823,10,6,-1,321.41,leave lane,Electric car
90,2021.41,37.34169378698405,-0.09070221228932823,10,7,-1,21.410000000000025,enter lane,Electric car
90,1961.21,36.376570401017396,0,9,2,-1,261.21,timer,HGV
90,2021.41,37.34169378698405,-0.09070221228932823,10,7,-1,21.410000000000025,timer,Electric car
90,1794.38,35.21010030372531,-0.0052086672171276155,11,2,-1,94.38,timer,Electric car
90,1816.99,35.700819840442854,-0.06114147205530703,12,10,-1,116.99,timer,Electric car
90,1578.59,34.72462740676339,0.02477830640151282,13,1,-1,578.59,timer,Electric car
90,1328.8,35.34291703823137,-0.034006465889280996,14,9,-1,328.8,timer,Electric car
90,99.0,31.906626016983484,0.00890615009692152,20,4,-1,99.0,timer,Renault Clio Hatchback
91,2003.94,31.266962027414824,0.0,7,10,-1,303.94,leave lane,HGV
91,2003.94,31.266962027414824,0.0,7,-1,-1,303.94,end,HGV
91,2048.64,36.3765704010174,0,8,3,-1,48.64,timer,HGV
91,1997.59,36.376570401017396,0,9,2,-1,297.59,timer,HGV
91,2058.71,37.25099157469472,-0.09070221228932823,10,7,-1,58.71,timer,Electric car
91,1829.59,35.20489163650819,-0.0052086672171276155,11,2,-1,129.59,timer,Electric car
91,1852.66,35.63967836838755,-0.06114147205530703,12,10,-1,152.66,timer,Electric car
91,1613.33,34.749405713164904,0.02477830640151282,13,1,-1,613.33,timer,Electric car
91,1364.13,35.308910572342086,-0.034006465889280996,14,9,-1,364.13,timer,Electric car
91,130.91,31.916966956389984,0.011775728716079504,20,4,-1,130.91,timer,Renault Clio Hatchback
92,2085.02,36.3765704010174,0,8,3,-1,85.02,timer,HGV
92,2033.97,36.376570401017396,0,9,2,-1,333.97,leave lane,HGV
92,2033.97,36.376570401017396,0,9,3,-1,33.97000000000003,enter lane,HGV
92,2033.97,36.376570401017396,0,9,3,-1,33.97000000000003,timer,HGV
92,2095.92,37.16028936240539,-0.09070221228932823,10,7,-1,95.92,timer,Electric car
92,1864.79,35.19968296929106,-0.0052086672171276155,11,2,-1,164.79,timer,Electric car
92,1888.27,35.578536896332245,-0.06114147205530703,12,10,-1,188.27,timer,Electric car
92,1648.09,34.77418401956642,0.02477830640151282,13,1,-1,648.09,timer,Electric car
92,1399.42,35.2749041064528,-0.034006465889280996,14,9,-1,399.42,timer,Electric car
92,162.83,31.93017747441564,0.014645307335237489,20,4,-1,162.83,timer,Renault Clio Hatchback
92,162.83,31.93017747441564,0.014645307335237489,20,4,-1,162.83,change slow,Renault Clio Hatchback
92,162.83,31.93017747441564,0.014645307335237489,20,0,4,162.83,enter lane 0,Renault Clio Hatchback
93,2121.4,36.3765704010174,0,8,3,-1,121.4,timer,HGV
93,2070.35,36.376570401017396,0,9,3,-1,70.35,timer,HGV
93,2133.03,37.069587150116064,-0.09070221228932823,10,7,-1,133.03,timer,Electric car
93,1899.99,35.194474302073935,-0.0052086672171276155,11,2,-1,199.99,timer,Electric car
93,1923.82,35.51739542427694,-0.06114147205530703,12,10,-1,223.82,timer,Electric car
93,1682.88,34.798962325967935,0.02477830640151282,13,1,-1,682.88,timer,Electric car
93,1434.68,35.24089764056352,-0.034006465889280996,14,9,-1,434.68,timer,Electric car
93,195.26,32.93017747441564,1,20,0,4,195.26,timer,Renault Clio Hatchback
94,2157.78,36.3765704010174,0,8,3,-1,157.78,timer,HGV
94,2106.73,36.376570401017396,0,9,3,-1,106.73,timer,HGV
94,2170.05,36.978884937826734,-0.09070221228932823,10,7,-1,170.05,timer,Electric car
94,1935.18,35.18926563485681,-0.0052086672171276155,11,2,-1,235.18,timer,Electric car
94,1959.31,35.45625395222164,-0.06114147205530703,12,10,-1,259.31,timer,Electric car
94,1717.69,34.82374063236945,0.02477830640151282,13,1,-1,717.69,leave lane,Electric car
94,1717.69,34.82374063236945,0.02477830640151282,13,2,-1,17.690000000000055,enter lane,Electric car
94,1717.69,34.82374063236945,0.02477830640151282,13,2,-1,17.690000000000055,timer,Electric car
94,1469.9,35.20689117467423,-0.034006465889280996,14,9,-1,469.9,timer,Electric car
94,228.69,33.93017747441564,1,20,0,4,228.69,timer,Renault Clio Hatchback
95,263.12,34.93017747441564,1,20,0,4,263.12,leave lane 4,Renault Clio Hatchback
95,263.12,34.93017747441564,0,20,0,-1,263.12,done change slow,Renault Clio Hatchback
95,2194.16,36.3765704010174,0,8,3,-1,194.16,timer,HGV
95,2143.11,36.376570401017396,0,9,3,-1,143.11,timer,HGV
95,2206.98,36.888182725537405,-0.09070221228932823,10,7,-1,206.98,timer,Electric car
95,1970.37,35.184056967639684,-0.0052086672171276155,11,2,-1,270.37,timer,Electric car
95,1994.74,35.39511248016633,-0.06114147205530703,12,10,-1,294.74,timer,Electric car
95,1752.53,34.848518938770965,0.02477830640151282,13,2,-1,52.53,timer,Electric car
95,1505.09,35.17288470878495,-0.034006465889280996,14,9,-1,505.09,timer,Electric car
95,263.12,34.93017747441564,0,20,0,-1,263.12,timer,Renault Clio Hatchback
96,2230.54,36.3765704010174,0,8,3,-1,230.54,timer,HGV
96,2179.49,36.376570401017396,0,9,3,-1,179.49,timer,HGV
96,2243.82,36.797480513248075,-0.09070221228932823,10,7,-1,243.82,timer,Electric car
96,2005.55,35.17884830042256,-0.0052086672171276155,11,2,-1,305.55,leave lane,Electric car
96,2005.55,35.17884830042256,-0.0052086672171276155,11,3,-1,5.550000000000011,enter lane,Electric car
96,2005.55,35.17884830042256,-0.0052086672171276155,11,3,-1,5.550000000000011,timer,Electric car
96,2030.1,35.33397100811103,-0.06114147205530703,12,10,-1,330.1,leave lane,Electric car
96,2030.1,35.33397100811103,-0.06114147205530703,12,-1,-1,330.1,end,Electric car
96,1787.39,34.87329724517248,0.02477830640151282,13,2,-1,87.39,timer,Electric car
96,1540.25,35.138878242895665,-0.034006465889280996,14,9,-1,540.25,timer,Electric car
96,298.05,34.92604725915995,-0.00826043051138248,20,0,-1,298.05,timer,Renault Clio Hatchback
96,298.05,34.92604725915995,-0.00826043051138248,20,0,-1,298.05,change slow,Renault Clio Hatchback
96,298.05,34.92604725915995,-0.00826043051138248,20,8,0,298.05,enter lane 8,Renault Clio Hatchback
97,2266.92,36.3765704010174,0,8,3,-1,266.92,timer,HGV
97,2215.87,36.376570401017396,0,9,3,-1,215.87,timer,HGV
97,2280.57,36.706778300958746,-0.09070221228932823,10,7,-1,280.57,timer,Electric car
97,2040.73,35.17363963320543,-0.0052086672171276155,11,3,-1,40.73,timer,Electric car
97,1822.28,34.898075551573996,0.02477830640151282,13,2,-1,122.28,timer,Electric car
97,1575.37,35.10487177700638,-0.034006465889280996,14,9,-1,575.37,timer,Electric car
97,333.48,35.92604725915995,1,20,8,0,333.48,timer,Renault Clio Hatchback
98,2303.3,36.3765704010174,0,8,3,-1,303.3,timer,HGV
98,2252.25,36.376570401017396,0,9,3,-1,252.25,timer,HGV
98,2317.23,36.616076088669416,-0.09070221228932823,10,7,-1,317.23,timer,Electric car
98,2075.9,35.16843096598831,-0.0052086672171276155,11,3,-1,75.9,timer,Electric car
98,1857.19,34.92285385797551,0.02477830640151282,13,2,-1,157.19,timer,Electric car
98,1610.46,35.070865311117096,-0.034006465889280996,14,9,-1,610.46,timer,Electric car
98,369.91,36.92604725915995,1,20,8,0,369.91,timer,Renault Clio Hatchback
99,407.34,37.92604725915995,1,20,8,0,407.34,leave lane 0,Renault Clio Hatchback
99,407.34,37.92604725915995,0,20,8,-1,407.34,done change slow,Renault Clio Hatchback
99,2339.68,36.3765704010174,0,8,3,-1,339.68,timer,HGV
99,2288.63,36.376570401017396,0,9,3,-1,288.63,timer,HGV
99,2353.8,36.52537387638009,-0.09070221228932823,10,7,-1,353.8,timer,Electric car
99,2111.07,35.16322229877118,-0.0052086672171276155,11,3,-1,111.07,timer,Electric car
99,1892.13,34.947632164377026,0.02477830640151282,13,2,-1,192.13,timer,Electric car
99,1645.51,35.03685884522781,-0.034006465889280996,14,9,-1,645.51,timer,Electric car
99,407.34,37.92604725915995,0,20,8,-1,407.34,timer,Renault Clio Hatchback
100,2376.06,36.3765704010174,0,8,3,-1,376.06,timer,HGV
100,2325.01,36.376570401017396,0,9,3,-1,325.01,timer,HGV
100,2390.28,36.43467166409076,-0.09070221228932823,10,7,-1,390.28,timer,Electric car
100,2146.23,35.158013631554056,-0.0052086672171276155,11,3,-1,146.23,timer,Electric car
100,1927.09,34.97241047077854,0.02477830640151282,13,2,-1,227.09,timer,Electric car
100,1680.53,35.00285237933853,-0.034006465889280996,14,9,-1,680.53,timer,Electric car
100,445.27,37.92319888457927,-0.005696749161357792,20,8,-1,445.27,timer,Renault Clio Hatchback
